car_make,car_model,car_year,price
Kia,Sportage,2002,95327
Ford,ZX2,2001,59149
Kia,Spectra,2005,388511
Mazda,Protege,1994,528475
Honda,Prelude,1996,172054
Ford,E-Series,2006,518241
Nissan,Frontier,1998,898090
Buick,Park Avenue,2002,799441
GMC,Savana 1500,2012,676033
Audi,5000CS,1988,165963
Dodge,Ram Van 1500,1996,505136
GMC,Sonoma Club Coupe,1993,192182
Audi,A3,2011,13827
Mercury,Grand Marquis,1990,858481
Subaru,Legacy,1997,167414
Subaru,Leone,1987,142914
Cadillac,STS,2009,759603
Lexus,LS,1995,147647
Nissan,JUKE,2012,931140
Subaru,Impreza WRX,2010,406867
Dodge,Ram,2010,465371
Toyota,Tundra,2012,600340
Pontiac,Aztek,2002,555060
Porsche,Carrera GT,2004,163282
Mitsubishi,Mirage,1994,436432
Volvo,S40,2006,900886
Mazda,Mazdaspeed 3,2008,277650
Mitsubishi,Pajero,1995,993182
Pontiac,1000,1984,80284
Hyundai,Accent,2006,824826
Pontiac,Aztek,2005,479280
Toyota,MR2,1987,904741
BMW,M3,2002,85180
Chrysler,Town & Country,1998,212884
Mazda,Mazda6 Sport,2006,700292
Infiniti,G,2004,513775
GMC,Sierra,2008,253519
Bentley,Continental,2005,163751
GMC,2500,1999,314966
Jeep,Commander,2009,642696
Toyota,Camry,1997,580830
GMC,Sierra 3500,2007,487659
Geo,Metro,1995,944040
Ford,Bronco II,1986,537289
Honda,Passport,1995,742424
GMC,Sonoma,1997,916652
Lincoln,Mark VIII,1995,773461
Ford,F-Series,1985,470532
Porsche,968,1995,112815
MINI,Cooper Clubman,2010,483412
Volvo,V50,2011,449832
Chevrolet,Suburban 1500,2008,818415
Toyota,Sequoia,2002,576162
Ford,Mustang,1966,497942
Ford,F150,2010,930338
Dodge,Shadow,1992,412323
Buick,Park Avenue,2000,547792
Ford,Mustang,1990,55932
Volvo,S80,2001,643890
Chevrolet,Monte Carlo,1998,657732
Jaguar,X-Type,2004,193889
Jeep,Wrangler,1998,349173
Honda,CR-V,2010,340456
Mitsubishi,Montero,1992,617695
GMC,Yukon XL,2006,487480
Land Rover,Range Rover,2012,529845
MINI,Clubman,2009,211813
Audi,S8,2006,744473
Toyota,MR2,1995,107546
Audi,S4,2009,272480
Ford,Fiesta,2011,794152
Nissan,Pathfinder,2000,921041
Ford,Crown Victoria,2000,233845
Ford,Escort,1991,991336
Toyota,Supra,1992,322819
BMW,6 Series,2010,604629
Buick,Regal,1988,447715
Rolls-Royce,Phantom,2013,911666
Panoz,Esperante,2006,410654
Mazda,626,1996,728074
Chevrolet,Blazer,1994,82385
Dodge,Viper,1996,970304
Jeep,Grand Cherokee,2005,123301
GMC,Safari,1996,567654
Ford,Thunderbird,1996,165554
Audi,Allroad,2005,219862
Acura,Legend,1994,852492
Mercedes-Benz,300TE,1993,108098
Pontiac,Aztek,2003,524241
Dodge,Ram 50,1992,554182
Nissan,350Z,2003,960067
Oldsmobile,Aurora,1995,170828
Acura,RL,2007,784458
Oldsmobile,Cutlass,1999,96969
Dodge,Daytona,1984,979682
Porsche,Cayenne,2010,159744
Porsche,Cayenne,2006,462918
Dodge,Ram 1500,1997,463378
Honda,CR-V,2011,272730
Chevrolet,Sportvan G20,1993,228499
Ford,Windstar,1997,111493
Audi,A8,2003,929824
Buick,Century,2002,254119
Cadillac,Escalade,2005,846183
Ford,Explorer Sport Trac,2007,741509
Chevrolet,Corvette,1962,338669
Volvo,XC90,2006,437069
Pontiac,Solstice,2006,345934
Nissan,Altima,1993,125842
Lincoln,Town Car,1993,719175
Dodge,Durango,2005,802680
Ford,E350,2012,845494
Toyota,Matrix,2003,659534
Infiniti,M,2010,616759
Mitsubishi,Truck,1990,44071
Ford,Thunderbird,1987,610994
Ford,E350,2006,77637
Bentley,Arnage,2008,549394
Plymouth,Voyager,1995,371259
Maserati,GranTurismo,2012,467649
Chevrolet,Venture,2003,554944
Mazda,RX-8,2007,791495
Toyota,Sienna,2011,590176
Mercury,Villager,1997,731545
Buick,Century,1991,936469
Mazda,Mazda3,2007,800415
Audi,4000s,1985,569794
Volvo,XC70,2009,922052
Mazda,B-Series,2009,815016
Aston Martin,DBS,2011,51527
Lincoln,MKX,2012,872919
Volkswagen,Phaeton,2004,101125
Chrysler,Imperial,1993,201302
Mazda,MX-5,2000,393508
Chevrolet,Suburban 2500,2007,123676
Hyundai,Sonata,2004,50694
Pontiac,Bonneville,1991,10399
Lotus,Exige,2009,649794
BMW,Z3,2002,922598
Panoz,Esperante,2005,556924
Hyundai,Tiburon,2007,233299
Volkswagen,New Beetle,2004,734787
Ford,E150,2008,702896
Porsche,Boxster,2000,489070
Volvo,S40,2006,242441
Mercury,Topaz,1992,809050
Honda,CR-V,2012,315835
Suzuki,Grand Vitara,2002,631873
GMC,Savana 2500,2007,43239
Chevrolet,Colorado,2010,484289
Isuzu,Axiom,2002,839098
Suzuki,Sidekick,1989,520798
Lexus,GX,2006,487789
Dodge,Durango,2008,649910
Infiniti,QX,2007,990504
Mitsubishi,Montero Sport,1997,284163
Mazda,626,2000,440212
Lamborghini,Gallardo,2010,62987
Ford,Thunderbird,1984,676230
Ford,Fusion,2009,918189
Bentley,Mulsanne,2011,972715
Pontiac,Tempest,1966,593519
Chrysler,Town & Country,2009,410615
Suzuki,Aerio,2006,779604
GMC,Suburban 2500,1993,596660
Land Rover,Range Rover,2007,698551
Toyota,FJ Cruiser,2008,507485
Isuzu,Trooper,1995,680173
Mitsubishi,Eclipse,2008,196118
Volkswagen,Type 2,1991,496523
Jaguar,XF,2011,742101
Mercedes-Benz,M-Class,2008,195248
Suzuki,Esteem,2000,601485
Mercedes-Benz,S-Class,2011,61745
Chevrolet,Express 3500,2002,720506
Toyota,Highlander Hybrid,2007,151938
Ford,F150,2006,635754
Lexus,SC,1996,680281
Mercury,Mountaineer,2004,728597
Audi,V8,1992,871319
Chevrolet,3500,1993,285885
Dodge,Caravan,2005,996244
BMW,Z4 M,2008,425011
Volkswagen,GTI,2005,366284
Mercury,Capri,1994,494977
Dodge,Ram Van 2500,1999,197497
Chevrolet,Sportvan G10,1992,946277
Pontiac,Firebird,1968,370608
Honda,Civic,2004,903489
Acura,RL,2012,730821
GMC,2500 Club Coupe,1998,163123
Lincoln,Zephyr,2006,148192
Buick,Skyhawk,1986,863563
BMW,M6,2010,895789
Toyota,Tundra,2010,618608
Infiniti,Q,1994,447248
Suzuki,Swift,1987,426957
Jensen,Interceptor,1967,135457
Hyundai,Equus,2013,637764
Mercedes-Benz,500SL,1992,196456
Volkswagen,Type 2,1990,44575
Smart,Fortwo,2012,692223
Mazda,Miata MX-5,2010,421901
Volkswagen,Scirocco,1988,945021
Honda,CR-V,2007,811145
Toyota,Venza,2010,406122
Chrysler,Sebring,1995,663122
BMW,M3,2005,304449
Dodge,Journey,2012,52791
Land Rover,Freelander,2003,522610
Chevrolet,Camaro,2001,823189
Chevrolet,TrailBlazer,2002,276772
GMC,Rally Wagon G2500,1995,357001
Chevrolet,Express 3500,2001,662202
Hyundai,Sonata,2013,62528
Kia,Soul,2011,492404
Hyundai,Santa Fe,2007,240405
Lincoln,Town Car,2006,606046
Saab,9-5,2003,784085
Mercedes-Benz,S-Class,1997,718036
Chevrolet,2500,1997,899747
Pontiac,Sunfire,1998,671982
GMC,Sonoma,2001,815344
Pontiac,Sunbird,1993,23374
Mercedes-Benz,SL-Class,1994,397058
Lincoln,Continental Mark VII,1986,765599
Kia,Optima,2012,255483
Nissan,GT-R,2013,540122
Nissan,Maxima,2012,44655
Isuzu,Rodeo Sport,2002,752374
Mercedes-Benz,GL-Class,2010,145336
GMC,Jimmy,1999,113812
Honda,Accord,1983,495429
Infiniti,G37,2011,670338
Jaguar,XK Series,2001,273202
Cadillac,DTS,2006,715132
Suzuki,Kizashi,2010,113112
Ford,Explorer,2007,105939
Toyota,RAV4,2003,678129
Isuzu,i-290,2007,52901
Lexus,HS,2010,823776
Mercury,Grand Marquis,1985,818606
Mitsubishi,Expo,1992,912687
Chrysler,LHS,2001,318226
Suzuki,Sidekick,1991,402228
Infiniti,QX,1999,809807
Holden,Monaro,2004,560782
Buick,Skylark,1993,179205
Chevrolet,Malibu,2007,670998
Acura,RSX,2006,843327
Mitsubishi,Pajero,2005,451288
Jeep,Wrangler,2012,991813
Ford,Taurus,2008,867968
BMW,530,2005,571877
Chevrolet,Sportvan G20,1992,20825
Honda,Fit,2012,585412
Mazda,CX-9,2011,841739
Mercedes-Benz,W201,1991,906041
Mitsubishi,GTO,1998,596951
GMC,Yukon XL 1500,2011,990458
Suzuki,Vitara,2001,997723
Mercedes-Benz,S-Class,2005,380482
Chevrolet,Camaro,1969,442126
Honda,del Sol,1994,411657
Chevrolet,Express 3500,2009,507593
Dodge,Dakota,2000,682423
Buick,Riviera,1988,207075
Mazda,Mazda3,2005,322659
Ram,1500,2012,376663
Suzuki,Daewoo Magnus,2006,236640
Toyota,Tercel,1996,118085
Nissan,Maxima,2002,755146
Chevrolet,Lumina,2001,597350
Volvo,S90,1998,184390
Nissan,Sentra,2010,353571
Pontiac,Grand Prix,2002,98053
Oldsmobile,Cutlass Supreme,1994,359588
Kia,Sedona,2008,328797
GMC,Sierra,2009,914997
Mercedes-Benz,SLR McLaren,2009,459439
Suzuki,Vitara,2003,33571
Pontiac,GTO,1967,645226
Buick,Regal,1985,980423
Ford,F250,2000,469644
Buick,Park Avenue,2005,27010
Acura,TL,1999,614752
Nissan,Maxima,2001,460129
Plymouth,Acclaim,1993,469741
Chevrolet,3500,1995,833976
Honda,Civic Si,2006,185993
Saab,9-3,2006,521149
Ford,Tempo,1984,917037
Chrysler,Town & Country,2005,795711
Oldsmobile,Aurora,2001,755543
Subaru,Legacy,1989,259081
Mitsubishi,Pajero,1987,182285
Chevrolet,TrailBlazer,2006,684005
Jeep,Liberty,2006,153265
Suzuki,Forenza,2006,616036
Chevrolet,Suburban 2500,1994,469739
Honda,Insight,2003,474504
Ford,F350,2002,10348
Mitsubishi,Mighty Max,1996,179350
Pontiac,Firebird,1985,20782
Audi,90,1988,393992
Mercury,Montego,2006,424183
Chrysler,Sebring,1996,320092
Buick,Rendezvous,2004,154740
Nissan,Rogue,2011,588913
BMW,5 Series,1999,318110
Honda,Civic,2003,10124
Maybach,57,2008,671196
Ford,Tempo,1986,106960
Toyota,Avalon,1998,962979
Volvo,V70,2004,704899
Chrysler,LeBaron,1992,108572
Nissan,350Z,2008,665429
Hyundai,Sonata,2008,756414
Buick,LaCrosse,2012,191371
Mitsubishi,Galant,2009,832479
Isuzu,Rodeo,1992,162911
Ford,Escort,1989,258829
Dodge,Viper,2010,868740
Saturn,VUE,2008,920127
GMC,Suburban 2500,1999,325165
Acura,CL,2003,179705
Porsche,Carrera GT,2004,104568
Chrysler,Town & Country,2011,921962
Buick,Riviera,1992,337856
Toyota,Sequoia,2011,187912
Kia,Sportage,1995,648937
Saab,9-5,2011,471478
Porsche,Boxster,2001,137913
GMC,Sierra 1500,2007,968054
Lexus,RX Hybrid,2006,37597
Dodge,Viper,2010,368838
Hyundai,Entourage,2008,217559
Lamborghini,Murciélago LP640,2008,413456
Chevrolet,Express 3500,2012,850726
Lexus,GX,2003,966212
GMC,Savana 3500,2009,473953
Cadillac,Escalade EXT,2003,33487
Acura,TL,1999,956899
Lotus,Esprit,1994,503099
Ford,Thunderbird,1997,84234
BMW,3 Series,1996,756933
Mercedes-Benz,S-Class,1999,861317
Infiniti,I,1996,643337
Dodge,Ram Van B150,1994,436811
Lincoln,Continental,1988,178882
Mercury,Lynx,1987,582175
Honda,Element,2003,61160
Saab,9000,1992,687699
Mazda,B-Series Plus,1994,353821
Volkswagen,rio,1996,692989
Ford,Explorer,1992,498798
Mazda,Protege,1998,88284
Chevrolet,3500,1995,697146
Nissan,GT-R,2012,222900
GMC,Terrain,2010,92411
Saab,9-3,2000,468999
Mazda,RX-7,1984,984895
Cadillac,SRX,2006,348376
Ford,F250,2009,579103
Oldsmobile,98,1993,800999
Cadillac,Sixty Special,1993,506575
Plymouth,Laser,1989,687936
Volkswagen,Passat,1999,667046
Chevrolet,G-Series 1500,1997,339209
Volkswagen,GTI,2012,82276
Infiniti,Q,1992,594687
Mitsubishi,Lancer,2004,979712
Ford,Bronco,1986,91980
Dodge,Ram Van 2500,1996,187266
BMW,5 Series,2010,791875
Acura,TL,2011,493649
Suzuki,X-90,1998,286226
Honda,CR-X,1984,618187
Buick,Estate,1989,592836
Oldsmobile,Silhouette,1999,457123
Dodge,Ram Van 3500,2003,589714
Toyota,MR2,1993,929072
Jaguar,XK Series,2004,916373
Mitsubishi,Lancer Evolution,2005,127048
Toyota,RAV4,2011,121638
Chrysler,PT Cruiser,2003,440609
Ford,Mustang,1999,854385
GMC,Sierra 1500,2001,366452
Mercedes-Benz,SLK-Class,2003,219679
Dodge,Grand Caravan,2010,379863
Scion,xB,2006,358608
Suzuki,Daewoo Lacetti,2005,59471
Mazda,Miata MX-5,1996,773444
Nissan,NV3500,2012,31832
Toyota,Tundra,2010,150961
Pontiac,Bonneville,2004,328860
GMC,Envoy XUV,2005,753933
Subaru,Impreza,1994,229269
Subaru,Leone,1986,792755
Suzuki,Esteem,1999,49601
Mercedes-Benz,SL-Class,1990,322261
Dodge,Viper,1996,408229
Volkswagen,Eos,2012,591688
Mercedes-Benz,SLR McLaren,2007,421122
Mercedes-Benz,CL-Class,2004,20537
Ford,Escort,1986,308834
Mercedes-Benz,M-Class,2007,199437
Dodge,Ram 2500 Club,1998,895662
Volkswagen,Passat,1986,324534
Kia,Rondo,2007,273805
Bentley,Continental GTC,2009,659884
Buick,Century,1985,873251
Ferrari,F430,2008,162060
Mitsubishi,Challenger,2003,701876
Ford,Thunderbird,2004,13305
Honda,CR-V,2009,596918
Chevrolet,Suburban,2007,586610
Chevrolet,Blazer,2003,801362
Isuzu,Trooper,2001,108494
Bentley,Continental Super,2010,336823
Dodge,Challenger,2009,118079
Ford,Taurus,2013,210885
Pontiac,Bonneville,1995,743770
Mitsubishi,Galant,1985,531652
Audi,Q5,2010,541320
Chevrolet,Corvette,1973,60731
Honda,Accord,1986,85224
Acura,RL,2002,902857
GMC,Envoy,2003,598424
Ford,Expedition,1999,144101
Pontiac,6000,1989,941380
Dodge,Stratus,2006,759821
Mercedes-Benz,CLK-Class,2004,152891
Isuzu,Oasis,1999,747693
Chevrolet,Corsica,1996,144243
Acura,TL,2005,253873
Mercury,Cougar,1997,633042
Audi,riolet,1994,270068
Mitsubishi,Chariot,1995,43931
Chevrolet,S10 Blazer,1992,113501
Pontiac,Firebird,1985,298183
Ford,E150,2008,260586
Chrysler,LeBaron,1993,759381
Ford,Probe,1995,391393
Geo,Tracker,1992,667001
Jeep,Grand Cherokee,1995,599885
Chevrolet,Suburban 1500,1995,921884
Cadillac,STS-V,2009,327822
Chevrolet,Colorado,2012,293946
Toyota,Previa,1991,639379
Chevrolet,TrailBlazer,2009,557650
Chevrolet,Camaro,1993,779427
Honda,Odyssey,2003,52081
Honda,Civic,2012,334534
Mercury,Cougar,1999,871060
Oldsmobile,Achieva,1995,910158
Dodge,Grand Caravan,2007,974291
BMW,8 Series,1997,786976
Nissan,Maxima,2009,860481
Buick,LeSabre,1993,878532
Lincoln,MKX,2008,830734
Chevrolet,Cobalt,2010,365881
Subaru,Forester,2011,235108
Mercury,Topaz,1985,737527
Hyundai,XG350,2004,248032
Chevrolet,Malibu Maxx,2006,822007
Suzuki,Equator,2009,180061
Chevrolet,1500,1996,687026
Plymouth,Breeze,1997,475352
Hyundai,Sonata,2010,866196
BMW,X6 M,2011,759960
Acura,NSX,2002,179526
Mazda,Navajo,1991,386035
Audi,Coupe Quattro,1990,353244
Chevrolet,Cobalt SS,2008,193222
Ford,Escape,2013,528514
Lexus,IS,2002,651171
Chevrolet,G-Series G30,1996,424919
Oldsmobile,Alero,2001,733842
Pontiac,GTO,2006,434895
Ford,Ranger,1997,609295
Plymouth,Neon,2001,875338
Plymouth,Voyager,1995,730102
Lotus,Exige,2004,726981
Honda,del Sol,1995,404464
Buick,Rainier,2006,748406
Ford,F-250 Super Duty,2006,944524
Lotus,Esprit,1995,198555
BMW,5 Series,1999,556818
BMW,M3,2008,161599
Chevrolet,Express 2500,2010,532048
Ford,F-Series,2010,70474
Ford,GT500,2009,744314
GMC,Suburban 1500,1997,904094
MINI,Cooper Clubman,2010,642904
Mazda,Mazda6,2008,173254
BMW,M3,2006,659433
Subaru,Baja,2006,767337
Ferrari,612 Scaglietti,2008,958826
Mazda,Protege,1998,29934
Ford,Mustang,1971,887935
Ford,E250,2011,364215
Saturn,L-Series,2002,731809
BMW,525,2001,471842
Acura,Integra,1998,667125
Kia,Sportage,2001,975377
BMW,X3,2008,483781
Volvo,C30,2013,377536
Infiniti,Q,1998,946406
Audi,S4,1993,572437
Saab,900,1994,224299
Ford,EXP,1985,614097
Lincoln,Town Car,1997,455523
Volkswagen,Jetta,1995,722747
Aston Martin,DB9,2011,262921
Mercury,Grand Marquis,2003,629563
Oldsmobile,Silhouette,1999,484382
Hyundai,Santa Fe,2005,373865
Saturn,Astra,2008,817105
Suzuki,Daewoo Lacetti,2007,318911
BMW,M3,2004,967113
Ford,F250,2010,315486
Mercedes-Benz,S-Class,1996,442101
Buick,Park Avenue,2000,46593
Nissan,350Z,2003,515173
Dodge,Sprinter,2009,531649
Toyota,Sequoia,2010,954042
Mitsubishi,Galant,1985,249307
Nissan,NX,1992,693443
Ford,Econoline E250,2002,545430
Mitsubishi,Montero,1998,990478
Dodge,Dakota Club,2004,995862
Infiniti,G35,2003,482585
Cadillac,Fleetwood,1954,553534
Lotus,Elan,1990,542247
Chevrolet,Caprice,1991,373203
Scion,xD,2010,252486
Hyundai,Sonata,2007,194727
Bentley,Continental GT,2007,75771
BMW,M5,2008,966885
Tesla,Roadster,2011,666218
Toyota,Tercel,1992,798492
Ford,Econoline E350,2000,78369
Subaru,Outback,2001,846781
Ford,Econoline E250,1996,834961
Ford,Freestyle,2007,530895
Nissan,240SX,1998,696873
Toyota,TundraMax,2011,607421
BMW,Z8,2003,552970
Nissan,Murano,2005,696695
Mercury,Grand Marquis,1985,301884
BMW,7 Series,2009,388867
Land Rover,Defender 90,1995,696835
Volkswagen,Fox,1993,487897
Chrysler,Sebring,1997,665879
Mercedes-Benz,SLR McLaren,2006,380599
Porsche,911,1986,365211
Lexus,ES,2010,233280
Kia,Sorento,2008,498720
Toyota,Camry,2004,54805
GMC,Vandura 1500,1994,763142
Nissan,Frontier,2010,621599
Suzuki,Sidekick,1993,690350
GMC,Sierra 3500,2006,390362
Mitsubishi,Chariot,1987,956265
Volvo,S40,2004,295637
Ford,Escort,1984,514347
Mazda,626,1986,242913
Volvo,S40,2011,823581
Jeep,Grand Cherokee,2011,533237
Pontiac,G8,2008,537136
Pontiac,Sunbird,1986,918582
BMW,3 Series,1992,723151
Chevrolet,Silverado 1500,2010,843474
GMC,Sierra 2500,2008,406613
Volkswagen,riolet,1993,57567
Bentley,Continental Flying Spur,2007,229577
Chevrolet,HHR Panel,2006,549999
Isuzu,Hombre Space,1999,22445
GMC,Savana 1500,2011,651613
Pontiac,Sunfire,1997,677126
Jaguar,S-Type,2005,27090
Chrysler,LeBaron,1994,625566
Dodge,Dynasty,1992,432066
GMC,Sierra 1500,2013,825332
Jaguar,XJ Series,2003,225855
Volvo,V90,1997,165426
Lexus,LS,1993,326418
Aston Martin,Vantage,2010,986704
GMC,Safari,1998,160853
Mitsubishi,Lancer,2012,634622
Ford,Mustang,2007,757570
Ford,Expedition EL,2008,231422
Infiniti,FX,2003,446729
Volkswagen,Vanagon,1984,727449
Ford,Crown Victoria,1992,207248
Toyota,TundraMax,2008,530227
Mitsubishi,Lancer,2007,316471
Plymouth,Fury,1964,55140
Lincoln,Town Car,2011,879068
Honda,Odyssey,1998,502911
Nissan,Versa,2009,256188
Dodge,Charger,2010,523624
Oldsmobile,Achieva,1994,125657
BMW,760,2003,718803
Mercedes-Benz,CLK-Class,1998,334426
Dodge,Dakota Club,2004,363299
Jaguar,XK Series,2013,71028
Suzuki,Esteem,1998,839571
Suzuki,Esteem,2000,554121
Volvo,S60,2006,901359
Mercedes-Benz,G-Class,2003,838739
Saturn,S-Series,2002,708658
Chevrolet,G-Series G10,1995,948873
Dodge,Avenger,1995,19063
Pontiac,Grand Prix,2008,921669
Mercury,Grand Marquis,2010,513970
GMC,Envoy XL,2003,921802
Hyundai,Santa Fe,2003,927202
Ford,Probe,1992,71358
Mazda,626,1991,388428
Ram,3500,2011,501246
GMC,Acadia,2010,567043
Toyota,4Runner,2009,885788
BMW,Z4,2006,318852
Suzuki,Forenza,2006,502159
Panoz,Esperante,2006,88396
Mitsubishi,Starion,1989,488871
Mazda,Tribute,2010,920118
Hyundai,Santa Fe,2003,787583
Kia,Sephia,2001,965336
Lincoln,Continental,1999,659103
Chevrolet,Metro,1998,330719
Lincoln,Town Car,2008,563238
Isuzu,Rodeo,2003,687120
GMC,Sierra 3500,2006,660705
Lexus,RX,2003,307073
Chevrolet,Caprice Classic,1993,914444
Mercedes-Benz,500SL,1993,833987
Ford,LTD Crown Victoria,1990,670242
Pontiac,Trans Sport,1993,706300
Jeep,Wrangler,2003,411110
Chevrolet,Blazer,1993,889529
Acura,RDX,2012,662733
Buick,Electra,1988,762303
Bentley,Continental Flying Spur,2008,284701
Chrysler,New Yorker,1995,431969
Ford,Ranger,1990,162848
Isuzu,Amigo,1992,61921
Pontiac,Vibe,2008,129905
Nissan,Altima,2007,124698
GMC,1500,1997,542484
Subaru,Loyale,1994,519065
Ford,EXP,1985,792906
GMC,Safari,2005,478931
Ford,Mustang,1983,925600
Ford,Econoline E350,2001,944718
BMW,M,2002,418775
Mitsubishi,Montero,2005,491813
Volkswagen,Cabriolet,1987,236461
Kia,Rondo,2010,389930
Chevrolet,Express 2500,1997,136016
Honda,Civic,2009,810817
Audi,Quattro,1985,622490
Kia,Optima,2012,613209
Ford,Focus,2001,213811
Honda,Civic,2004,590797
Chevrolet,Lumina APV,1993,823269
Volkswagen,Corrado,1994,624619
Mitsubishi,Mirage,1992,992240
Mercedes-Benz,S-Class,2003,401690
Suzuki,Esteem,1997,12474
Toyota,Tacoma,2005,290076
Plymouth,Prowler,1997,915597
Lincoln,Town Car,2011,395762
Mazda,B-Series Plus,1999,351836
Buick,Lucerne,2008,294414
Honda,Element,2011,666361
Lexus,RX,2007,310480
Mazda,RX-8,2009,309658
Honda,Civic,1995,958757
Oldsmobile,Ciera,1995,781860
Morgan,Aero 8,2008,913827
Oldsmobile,88,1994,797871
Dodge,Caravan,1996,834422
BMW,M,2002,462203
Chevrolet,Express 1500,2006,44767
Mercedes-Benz,M-Class,2003,409783
Honda,Civic,1999,285775
Pontiac,Vibe,2008,784531
Audi,Coupe GT,1987,452888
Lexus,RX,2012,293907
Pontiac,Fiero,1987,403887
GMC,Rally Wagon 1500,1992,593168
Porsche,Cayenne,2004,740255
Ford,E250,2007,77135
Chevrolet,Express 1500,1999,846497
Kia,Sedona,2012,853124
Aston Martin,DB9,2006,726958
Ford,Expedition,1997,637377
Mercury,Milan,2007,454910
Toyota,Tacoma,2011,971896
Mitsubishi,Eclipse,2000,634924
Pontiac,Vibe,2003,193717
Bentley,Continental,2005,556518
Bentley,Azure,2007,518711
Mitsubishi,Pajero,1996,600354
Nissan,Sentra,2002,682879
Dodge,Ram 3500,2000,822690
Honda,Civic Si,2006,284691
Honda,Passport,1997,502172
BMW,Z4 M,2007,721261
Pontiac,1000,1986,571286
Audi,Quattro,1985,402330
Ford,F150,2002,30760
Chevrolet,Silverado,2011,604445
Lotus,Esprit,1994,953105
Toyota,Paseo,1993,23691
Mazda,Mazdaspeed 3,2007,535448
Mercury,Grand Marquis,1986,915449
Ford,F-Series Super Duty,2011,124749
Maserati,Biturbo,1986,784760
Pontiac,Grand Prix,1975,672897
Ford,Aerostar,1991,319452
Toyota,Sienna,2012,767834
BMW,X5,2005,672086
Volkswagen,Phaeton,2004,93390
Subaru,Loyale,1991,126860
Ford,Econoline E150,1997,430153
GMC,Sierra 2500,2006,496694
Infiniti,FX,2006,88633
Honda,Prelude,2001,907921
Chrysler,Town & Country,1999,321255
Lexus,LS,2001,37320
Buick,LeSabre,1986,613955
Ford,Explorer,1997,853486
Mitsubishi,Lancer,2009,299292
Dodge,Caravan,1998,521487
Kia,Sportage,2009,534422
Audi,RS6,2003,136531
Chevrolet,S10,1996,578352
Oldsmobile,Alero,2003,950302
Shelby,GT350,1969,213633
Nissan,GT-R,2009,70614
Lexus,RX,2011,764254
Maybach,57,2006,386013
Cadillac,Allante,1992,819968
Jeep,Grand Cherokee,2010,606984
Aston Martin,DB9,2007,89907
Nissan,300ZX,1991,684457
Volkswagen,Passat,1996,396123
Chevrolet,2500,1994,796140
Ford,Mustang,2010,340426
GMC,Sierra 2500,2006,424052
Toyota,T100,1994,440189
Aston Martin,DB9,2011,929647
Toyota,Paseo,1996,560687
Volkswagen,Fox,1987,996023
Mercury,Tracer,1995,986765
Cadillac,DeVille,1995,689147
Mercedes-Benz,SL-Class,1990,671133
Hyundai,Sonata,2006,46310
BMW,6 Series,2010,710762
Mercedes-Benz,G-Class,2012,903325
Ford,Taurus,2004,369579
Hyundai,Santa Fe,2004,530695
Pontiac,Bonneville,1965,961872
Nissan,300ZX,1991,987736
Lincoln,Town Car,1996,916121
Mercury,Topaz,1990,639783
Pontiac,Grand Prix,1993,143266
Chevrolet,Avalanche,2009,217831
Chevrolet,Tahoe,2006,371082
Spyker,C8 Double 12 S,2006,279320
Chevrolet,Monte Carlo,1995,561397
Chrysler,Crossfire,2007,168212
Kia,Sorento,2012,196035
Mercedes-Benz,M-Class,2001,732310
Hyundai,Santa Fe,2005,238204
BMW,3 Series,2004,161337
MINI,Cooper Clubman,2009,675432
GMC,Savana 1500,1997,319483
Ford,F350,2007,524655
Ford,Explorer,1993,218251
Chevrolet,Monte Carlo,1995,953246
Chevrolet,Astro,1995,727265
BMW,750,2006,155165
Maybach,57,2011,14932
Mercedes-Benz,S-Class,2011,469392
GMC,Sonoma Club Coupe,1995,849729
Mercedes-Benz,G-Class,2002,785138
Ford,Aerostar,1997,22185
Cadillac,Seville,1992,496959
Pontiac,LeMans,1992,593072
Nissan,Maxima,1999,40178
Chevrolet,Impala SS,1995,910901
Mitsubishi,Diamante,1994,323464
Pontiac,Parisienne,1984,666261
Mitsubishi,Montero,2000,325750
Nissan,Pathfinder,2007,417082
GMC,1500 Club Coupe,1997,757281
BMW,X6 M,2012,36128
Chevrolet,Monza,1975,721321
Pontiac,6000,1984,53455
Lincoln,Continental,1994,538255
Mazda,323,1995,125999
Lincoln,LS,2000,361357
Mitsubishi,Pajero,1989,404034
Toyota,RAV4,2001,781834
Ford,Taurus,2006,763151
Nissan,Sentra,2009,503780
Hyundai,Elantra,2001,41335
Volvo,960,1997,245387
Lexus,RX Hybrid,2006,493989
GMC,Sierra 3500,2002,51537
Nissan,Pathfinder,2006,196951
Land Rover,Freelander,2002,889790
Maserati,Biturbo,1987,474457
Mazda,CX-7,2007,892298
Porsche,928,1995,318771
Lincoln,Continental,1999,288411
Lincoln,Town Car,1999,361355
Chrysler,200,2011,189837
Pontiac,Firefly,1992,87018
Audi,A6,1998,912559
Chrysler,Town & Country,2001,747289
Subaru,Outback Sport,2002,157124
Mercury,Sable,1991,757784
GMC,Savana 1500,2011,987273
Nissan,Sentra,2005,413989
Toyota,T100 Xtra,1995,455443
Ford,Transit Connect,2010,312059
Dodge,Durango,2008,881396
Ford,F-Series,2010,472950
Mitsubishi,Eclipse,1999,530177
Mercedes-Benz,G-Class,2010,874615
Audi,Q5,2009,819208
Jeep,Wrangler,2008,59072
BMW,M,2001,243858
Porsche,928,1986,899586
Pontiac,Bonneville,2002,195816
Ram,1500,2011,400128
Mercedes-Benz,S-Class,1984,810803
BMW,Z4 M Roadster,2009,978505
Buick,Rainier,2005,728166
Infiniti,QX,2010,463097
Subaru,Baja,2003,523217
Jeep,Wrangler,1997,13439
GMC,Envoy,2000,961378
Ford,Aerostar,1986,276832
Dodge,Ram 1500,1998,351360
Chevrolet,Express,2007,778894
Cadillac,STS,2005,671993
Volkswagen,Eurovan,1995,239233
Ford,E-Series,1988,831221
Chevrolet,Express 3500,2005,296840
Pontiac,Safari,1986,460677
Ford,Ranger,2006,670949
Mercury,Mountaineer,2009,81758
Buick,Century,1986,432047
Audi,4000s,1985,182196
Lincoln,Zephyr,2006,95610
Infiniti,EX,2011,202681
Ford,Thunderbird,1958,48275
Chevrolet,Camaro,2012,812158
Lamborghini,Diablo,1993,71281
Volkswagen,Cabriolet,1995,14679
Chevrolet,Corvette,1963,400901
GMC,Yukon XL 1500,2001,713577
Chevrolet,Corvette,1953,968364
Chevrolet,Impala,2007,150081
Nissan,Armada,2012,298795
Infiniti,QX56,2009,749154
Bentley,Arnage,2008,535415
Ford,Thunderbird,1988,977213
Volkswagen,Cabriolet,1988,10852
Audi,TT,2009,276064
Dodge,Caliber,2010,427194
Volvo,S40,2001,863199
Chevrolet,Express 3500,2011,983302
GMC,Yukon,1993,572922
Mazda,B-Series,2003,541437
Chevrolet,Corsica,1993,950908
Honda,Accord,1999,842148
Lamborghini,Countach,1989,438130
Maserati,Quattroporte,2011,849881
Ford,F-Series,2007,349623
Chevrolet,Suburban 1500,2010,560341
Dodge,Challenger,2010,822950
Pontiac,Bonneville,1997,272850
Honda,Civic GX,2003,837102
Lotus,Exige,2011,828641
Toyota,Tacoma,2001,907327
GMC,Acadia,2008,751797
Mazda,Navajo,1993,17946
GMC,Yukon XL 2500,2008,724553
Audi,A3,2012,332210
Volkswagen,rio,2001,324555
Mercury,Sable,1993,133876
Pontiac,G5,2009,138250
BMW,7 Series,2006,487819
Mercury,Cougar,1967,943881
Audi,S4,2008,874314
Dodge,Ram Van 2500,1998,38098
Pontiac,Grand Prix,1987,377008
Dodge,Dakota,2003,501460
Cadillac,SRX,2010,476857
Pontiac,Grand Prix,1965,753966
Panoz,Esperante,2007,349820
BMW,5 Series,1993,85421
Ford,Escort,2001,703521
Mitsubishi,Montero Sport,1998,889394
Mazda,MX-3,1993,741503
Infiniti,Q,1995,271815
Scion,xA,2006,233075
GMC,Sierra 2500HD,2006,908595
Ford,E-Series,2001,985031
Toyota,Matrix,2007,464218
Toyota,Sequoia,2010,150140
Honda,Ridgeline,2009,834931
Ford,Bronco,1988,486409
Chevrolet,Camaro,1992,748877
Nissan,GT-R,2010,795603
Mercedes-Benz,E-Class,2004,764328
GMC,Sonoma,1996,83731
Saab,9-7X,2006,990442
GMC,Sierra,2011,317866
Plymouth,Acclaim,1993,389802
Lincoln,Mark VII,1992,387316
BMW,Z4,2012,524697
Pontiac,Sunbird,1993,956258
Ford,Escort ZX2,2003,200504
Mercedes-Benz,S-Class,1991,104381
Infiniti,J,1994,957000
Buick,Enclave,2012,571604
Lotus,Exige,2005,853597
Land Rover,Defender Ice Edition,2010,629463
Lincoln,Town Car,2010,534242
Honda,Civic,1980,985030
Aptera,Typ-1,2008,31906
Suzuki,Verona,2004,610550
Ford,Tempo,1990,63004
BMW,M3,1995,508289
Chevrolet,Suburban 1500,2002,998479
Pontiac,Aztek,2002,457700
Daewoo,Nubira,2001,909015
Mercury,Monterey,2004,175923
Nissan,GT-R,2012,805162
Lincoln,Town Car,2000,688669
Ford,F-Series,2009,985018
Volkswagen,Type 2,1989,845709
Chevrolet,Silverado 1500,2004,267864
Subaru,Legacy,2002,782108
Pontiac,Grand Prix,1985,293639
Jeep,Compass,2009,105831
GMC,Vandura G3500,1995,453211
Land Rover,Discovery,2011,413313
Mercedes-Benz,E-Class,2007,876678
Chevrolet,Cavalier,1996,580051
Nissan,Titan,2012,82645
Porsche,911,2011,828111
Audi,5000S,1988,879845
Cadillac,SRX,2010,162691
Volvo,XC70,2005,824075
Mercury,Cougar,1993,807566
Buick,LaCrosse,2008,340755
Mazda,626,1991,23881
Nissan,Sentra,2009,800954
Ford,E-Series,1990,477767
Infiniti,G,2001,239709
Ford,Taurus,2009,840488
Daewoo,Nubira,2001,39357
Cadillac,STS,2009,178955
Dodge,Dakota Club,2003,263075
Chevrolet,Silverado 1500,2003,269181
Ford,E-Series,1986,554728
Chevrolet,Aveo,2004,813778
Volkswagen,Jetta,1994,728801
Ford,Mustang,1983,519271
Hyundai,Entourage,2007,190101
BMW,6 Series,2012,132179
Volkswagen,Jetta,1995,400274
Subaru,Impreza,2004,717481
Saab,9-3,2005,973502
Chevrolet,Blazer,1997,685128
Volvo,960,1996,697733
Mercedes-Benz,G-Class,2010,199259
Nissan,Quest,2006,199351
Toyota,Avalon,2001,470898
Mitsubishi,Montero,1994,418014
Aptera,Typ-1,2009,747135
Audi,Coupe GT,1985,185121
Chrysler,300M,2003,557472
Subaru,Tribeca,2010,210345
Mazda,MX-5,1991,425556
Toyota,MR2,1992,257990
Cadillac,Seville,2000,355091
Lexus,LS,1990,123379
Pontiac,GTO,1965,585366
Toyota,Sequoia,2001,903352
Ford,Windstar,2003,135144
Ford,Expedition EL,2009,252925
Pontiac,Trans Sport,1993,832756
Ford,E350,2012,509767
BMW,3 Series,2009,335972
GMC,Suburban 1500,1992,746710
Mitsubishi,Galant,1993,58793
Volkswagen,Type 2,1986,430221
GMC,3500,1995,790147
Ford,F-Series Super Duty,2009,509099
Suzuki,Esteem,2000,761574
Oldsmobile,Ciera,1995,126794
Chrysler,200,2011,438504
Chevrolet,Corvette,1959,686414
Ford,Crown Victoria,2011,573738
Buick,Roadmaster,1994,693260
Volkswagen,Jetta,1991,931082
GMC,Yukon,2009,237175
Mazda,MX-5,2007,627358
Volkswagen,Jetta,1989,250685
Volkswagen,GTI,1993,879001
Dodge,Challenger,2011,242328
Dodge,Ram 1500 Club,1999,400225
Ford,Explorer Sport Trac,2007,297723
Lexus,LX,2001,845694
Subaru,Impreza WRX,2011,339162
Hyundai,Veracruz,2009,640489
Volkswagen,Fox,1988,481969
Lincoln,Town Car,1986,506171
Lexus,LS,1991,363325
Ford,Crown Victoria,2011,936393
GMC,Sierra 2500,2007,469268
Chrysler,Concorde,1993,245855
Ford,Crown Victoria,1992,537777
BMW,5 Series,1992,522690
Buick,LaCrosse,2010,142534
Nissan,GT-R,2009,466443
Toyota,Prius,2002,938075
Ford,Tempo,1987,402137
BMW,7 Series,2000,660532
Honda,Insight,2006,745723
Isuzu,Trooper,1999,735492
Ford,Econoline E250,1992,618271
Ram,1500,2011,68876
Chevrolet,Silverado 3500,2001,772525
Suzuki,Forenza,2007,462451
Suzuki,Forenza,2005,613265
Audi,A6,2000,794532
Suzuki,XL-7,2008,738299
Mitsubishi,Truck,1990,854989
Buick,Park Avenue,1999,606456
Chrysler,300,2012,954887
Honda,Prelude,1995,913382
Cadillac,Eldorado,1993,507482
Suzuki,Vitara,2003,657276
Honda,Element,2003,414525
BMW,6 Series,2004,345453
Nissan,Titan,2007,147201
Ford,F150,2007,890040
Honda,Accord,1999,492809
Mitsubishi,Truck,1992,601674
Chrysler,Town & Country,1993,200718
Dodge,Caravan,2009,557039
Volvo,XC60,2012,965625
GMC,Rally Wagon G3500,1996,315590
Volvo,S80,2002,377237
Hyundai,Excel,1993,735854
Porsche,Cayenne,2011,209469
Mitsubishi,Eclipse,2010,635406
Ferrari,599 GTB Fiorano,2008,802420
GMC,Savana 3500,2008,771912
Chevrolet,Corvette,1969,727167
Honda,Accord,1988,676949
Ford,Explorer Sport,2002,180272
Ford,Mustang,2003,999088
Hyundai,Excel,1994,563334
Lexus,ES,1994,604943
Ford,Thunderbird,1992,117435
Ford,F-Series,1995,724319
Dodge,Grand Caravan,1992,677933
Audi,S4,2013,958692
Lamborghini,Murciélago,2010,160507
Ford,F-Series Super Duty,2008,854152
Ford,F250,1992,317174
Ford,F350,2009,644312
Pontiac,Grand Prix,1995,246513
Land Rover,Range Rover,2008,296835
Ford,Explorer,2002,552588
Mercury,Marquis,1986,677191
Chevrolet,Corvette,2009,915016
Mazda,Mazda3,2007,63016
Nissan,Altima,2000,237239
Lotus,Esprit,1997,157849
Hyundai,Elantra,1999,340684
Mercedes-Benz,S-Class,2008,334302
Oldsmobile,Achieva,1995,619274
Lamborghini,Murciélago,2010,236124
Subaru,Impreza,2012,948018
Chevrolet,Caprice,1991,336218
Hyundai,Accent,2009,247678
Pontiac,Grand Prix,1984,823682
Toyota,4Runner,2008,155685
Chevrolet,SSR,2005,813179
BMW,Z4,2008,802937
Volkswagen,GTI,1998,924650
Toyota,Sequoia,2006,791229
Chevrolet,Corvette,1987,456970
Ford,Th!nk,2002,292593
Nissan,GT-R,2011,747584
BMW,330,2005,958225
Mercury,Mariner,2007,184438
BMW,Z3,1997,569892
Mercedes-Benz,C-Class,1993,885446
Jeep,Patriot,2011,555450
Audi,Cabriolet,1996,723026
Ford,Explorer,2003,518542
Ford,Mustang,1987,958177
Pontiac,Bonneville,2000,693578
Dodge,Ram 2500,1999,149720
Dodge,Grand Caravan,2006,995819
Toyota,Camry,2004,191745
Dodge,Ram Wagon B350,1993,390530
Buick,Verano,2012,984414
Hyundai,Accent,2008,813026
Buick,Regal,2002,713953
Mercedes-Benz,C-Class,2002,597461
GMC,Sierra 2500,2010,91991
Audi,90,1988,521486
Lexus,LS,1997,626954
Ferrari,458 Italia,2012,706769
Mazda,MPV,1990,596267
Ford,Thunderbird,1958,77646
BMW,Z4,2005,844568
Volvo,940,1992,198216
Mercedes-Benz,SLK-Class,2000,683642
Ford,E250,2012,357078
Ford,Ranger,1987,546042
Lexus,SC,2005,16762
Mercedes-Benz,GLK-Class,2012,132335
Chevrolet,Cavalier,1996,654469
Lincoln,MKS,2012,712882
Toyota,Sequoia,2002,324707
Mazda,CX-9,2011,300270
Subaru,SVX,1996,583488
Chrysler,Sebring,1998,555653
Mercedes-Benz,S-Class,2009,979040
Pontiac,Grand Prix,1983,554948
BMW,745,2002,249133
Chevrolet,Astro,1993,172700
Mercedes-Benz,CLK-Class,2009,438768
Suzuki,SJ,1990,806125
Lincoln,Town Car,1997,431119
Dodge,Ram 1500,2009,325509
Dodge,Dakota,1994,306976
Jeep,Wrangler,2009,624577
Chevrolet,Sportvan G20,1993,531808
Audi,A4,1999,588820
Toyota,Camry Hybrid,2012,530425
Saab,9-5,2004,833292
Lincoln,LS,2003,836144
Ford,Escort,1995,571364
Plymouth,Breeze,2000,920524
Land Rover,Range Rover,2003,737589
Toyota,Tundra,2011,140172
Jaguar,XJ Series,2005,479077
Lincoln,Continental,1987,170894
Buick,Skyhawk,1985,956761
Ford,F250,2005,875919
Ford,Crown Victoria,2007,843487
Lexus,LS Hybrid,2011,639798
Land Rover,Range Rover,1995,574037
Oldsmobile,88,1994,443575
Mazda,626,1987,269513
Toyota,Matrix,2007,850031
Lincoln,Town Car,1985,407501
Lincoln,Town Car,1999,319200
Kia,Optima,2007,436540
Mitsubishi,Outlander,2006,265079
Pontiac,Sunbird,1992,208307
Volkswagen,Jetta III,1993,23233
Mercedes-Benz,E-Class,2002,929095
Volkswagen,GTI,1986,98762
Chrysler,Crossfire,2005,378461
Mercedes-Benz,600SL,1993,766103
Porsche,911,2012,97880
Dodge,Dakota Club,2004,201769
Volkswagen,GLI,2008,904836
Cadillac,CTS,2010,737627
Subaru,SVX,1997,316017
Dodge,Ram 1500,1999,614314
Lamborghini,Countach,1990,278418
Land Rover,Freelander,2002,449120
Jeep,Commander,2010,694794
Toyota,TundraMax,2008,116136
Ford,F-Series,1987,603281
Pontiac,LeMans,1993,696047
Mazda,B-Series,2001,509131
GMC,Yukon XL 1500,2009,845662
Kia,Optima,2010,653094
Geo,Tracker,1997,655028
Buick,Coachbuilder,1991,304086
Nissan,Maxima,2003,97182
Infiniti,EX,2009,888318
BMW,530,2007,536165
Infiniti,QX,2006,304119
Hyundai,Entourage,2008,267205
Cadillac,DeVille,2000,954909
Audi,5000CS Quattro,1986,944954
Panoz,Esperante,2005,362644
Mazda,Navajo,1993,76084
Subaru,Justy,1991,493864
Infiniti,QX,2003,822046
Toyota,T100 Xtra,1995,562924
Land Rover,Freelander,2008,656820
Volvo,S70,2000,30162
Oldsmobile,Bravada,1998,579356
Volkswagen,Golf,1984,613961
Toyota,Camry,2002,928641
Ford,Bronco,1986,589492
Pontiac,Grand Prix,2002,420659
Toyota,FJ Cruiser,2009,464359
Nissan,Xterra,2001,978046
Ford,Econoline E250,1998,914038
Audi,A6,2003,91698
Mercury,Cougar,1986,686712
Jeep,Compass,2011,149015
Audi,S8,2008,296461
Infiniti,G,1996,216781
Suzuki,Esteem,1998,411259
Chevrolet,Venture,2001,365017
Bentley,Continental Flying Spur,2012,553484
Geo,Tracker,1994,809066
Toyota,Avalon,2010,272113
Buick,Rainier,2004,780875
Pontiac,G6,2009,71568
Ford,Bronco,1991,260221
Kia,Spectra,2003,965631
Ford,Focus,2010,431752
Nissan,Rogue,2009,98872
Mitsubishi,Outlander,2005,925439
Subaru,Brat,1984,332980
BMW,525,2004,306375
Saab,9-3,2000,674104
Mitsubishi,Galant,2008,305720
Acura,Legend,1989,689688
Mazda,MX-5,2011,36141
Mitsubishi,Pajero,1984,566683
Audi,Cabriolet,1996,813031
BMW,Z8,2000,40189
Volvo,S40,2005,971315
Acura,Legend,1993,269234
Toyota,Tundra,2012,658565
Chrysler,LeBaron,1994,428322
Porsche,Boxster,2006,542365
Toyota,Highlander,2001,921489
Geo,Metro,1992,641541
Porsche,911,2012,565140
Acura,CL,2002,949498
Nissan,Pathfinder,1995,228090
Mercedes-Benz,GL-Class,2008,353626
Jaguar,XK,2010,743307
Chevrolet,Tracker,1998,905942
BMW,5 Series,2010,816588
Oldsmobile,Alero,2001,359976
Suzuki,Aerio,2005,662899
GMC,Savana 2500,1996,394299
Dodge,Ram 2500,2002,879522
Plymouth,Neon,1995,802493
Audi,S4,2001,187389
Subaru,Forester,2001,274244
Jaguar,XJ Series,2003,950357
Ford,Bronco,1996,522315
Ford,F250,2012,225014
Volvo,XC90,2006,202417
Porsche,911,1998,301729
Jeep,Grand Cherokee,1994,664218
BMW,7 Series,1998,387179
Honda,Prelude,1995,984616
Suzuki,Equator,2011,882808
Plymouth,Voyager,1999,77683
Buick,Coachbuilder,1992,940911
Dodge,Charger,2012,695119
Nissan,Quest,1996,291019
Chevrolet,Astro,1997,383695
GMC,Suburban 2500,1992,965865
Pontiac,Firebird,1990,46785
Chevrolet,HHR,2007,842938
Cadillac,Escalade,2012,227042
Mitsubishi,Truck,1994,998745
Land Rover,Freelander,2009,261185
Nissan,Pathfinder,2005,267403
Lexus,LS,2002,51644
Mercury,Villager,1997,213316
Chevrolet,Colorado,2010,672820
Isuzu,Impulse,1992,725787
Suzuki,Forenza,2008,486411
Lexus,RX,2006,28501
Oldsmobile,Aurora,1998,960774
Plymouth,Sundance,1992,591216
Oldsmobile,Achieva,1995,375969
Lexus,RX Hybrid,2011,508646
Kia,Optima,2011,855369
Honda,Fit,2012,53326
Pontiac,Grand Am,2002,37964
Ford,GT500,2008,743990
Lotus,Exige,2011,959741
Ford,E150,1984,642618
Lexus,LX,2004,301574
Bentley,Continental Flying Spur,2006,971957
Mitsubishi,Outlander,2009,883054
Mercury,Sable,2000,502603
GMC,Safari,1995,292617
Buick,LeSabre,1990,673228
Toyota,Camry,1993,989005
Volkswagen,rio,1998,146697
Volkswagen,Jetta III,1994,18411
Kia,Amanti,2005,143191
Mitsubishi,Lancer Evolution,2002,691953
Volvo,S60,2004,269568
Mercury,Mariner,2005,999144
Chevrolet,Venture,2005,521780
Hyundai,Accent,2008,631894
Chevrolet,Cavalier,2004,975496
Pontiac,Grand Prix,1974,105451
Saab,9-7X,2009,287438
Hyundai,Elantra,2008,65521
Mazda,MPV,1993,903872
Saab,9-2X,2005,526034
Acura,TSX,2011,684885
Ford,Taurus,1990,255181
BMW,Z3,2000,926562
Ford,Crown Victoria,1997,634532
Mercury,Grand Marquis,1989,664555
Nissan,Versa,2009,775798
Volkswagen,Eurovan,1994,542925
Toyota,Previa,1996,672462
Pontiac,Grand Prix,1966,990766
Audi,A4,2007,768934
Porsche,911,2006,538340
Mazda,B-Series,1998,869321
Isuzu,Oasis,1998,676140
Suzuki,Sidekick,1995,267652
Ford,Tempo,1985,787504
Land Rover,LR2,2010,213679
Toyota,Corolla,2001,131458
Mazda,Millenia,2000,978179
Lincoln,Town Car,1990,257379
Ford,Thunderbird,1993,151760
Volkswagen,R32,2008,598519
BMW,X6,2011,826928
Chrysler,Sebring,2003,569324
Lincoln,Navigator,2011,605028
Acura,RL,1998,773162
Chevrolet,Express 2500,2003,246061
Volkswagen,GTI,2004,399944
Honda,Civic,1993,905560
Aston Martin,Rapide,2012,59137
Volkswagen,Jetta,2009,703856
Lexus,RX,2011,616491
Honda,CR-V,2003,261462
Chevrolet,Silverado 2500,2000,291213
GMC,Yukon,1992,956923
Audi,TT,2003,285615
Mitsubishi,Chariot,1985,850469
Chevrolet,Corvette,2008,175755
BMW,X3,2009,797735
Chevrolet,Lumina APV,1993,345162
Subaru,XT,1991,595355
Volvo,XC70,2011,458645
Ford,F250,2002,851686
Lexus,SC,1994,259264
GMC,Rally Wagon 3500,1994,827692
Cadillac,Escalade EXT,2004,719985
Volkswagen,Touareg,2003,162605
Ford,Focus,2010,273518
Mazda,Protege5,2003,55058
Subaru,Forester,2010,833405
Citroën,SM,1972,597374
Dodge,Ram 2500 Club,1996,830681
Dodge,Ram Van B150,1994,875201
Nissan,Maxima,2001,157649
Lincoln,Town Car,2000,385433
Bentley,Continental GT,2012,851322
Ford,Thunderbird,1958,438151
Cadillac,Escalade EXT,2007,288497
Ford,Econoline E350,2002,180145
Chevrolet,Impala,2004,273856
Chevrolet,Venture,2000,815766
Volkswagen,Golf III,1994,895849
BMW,7 Series,2010,659729
Chevrolet,Suburban 1500,1992,579068
Mercedes-Benz,C-Class,1999,60439
Mazda,MX-6,1995,670446
Buick,Riviera,1989,371457
Chrysler,PT Cruiser,2008,521110
Audi,S8,2001,59483
Honda,Insight,2000,321731
Mitsubishi,Galant,1988,719120
Foose,Hemisfear,2007,313047
Mazda,MX-5,1990,920096
Nissan,350Z,2004,853366
Ford,Thunderbird,2005,190524
Chevrolet,Tahoe,2001,666686
Mitsubishi,L300,1988,218896
Saab,9-2X,2006,85543
Isuzu,Trooper,1999,988201
GMC,Sierra 3500,2012,705995
Ford,F150,2005,968071
Mercury,Cougar,1990,551385
Subaru,Legacy,2004,476466
Audi,A4,1999,911066
Chevrolet,Aveo,2004,772648
Pontiac,Grand Am,1993,625829
GMC,Rally Wagon 2500,1994,761354
Toyota,Corolla,2000,621292
Ford,F250,1992,584156
Kia,Sorento,2009,167962
Chevrolet,G-Series 1500,1998,538936
Buick,Riviera,1991,467628
Buick,Riviera,1986,44684
Mitsubishi,Tredia,1985,25306
Oldsmobile,Cutlass,1997,728127
Dodge,Ram 3500,1995,590091
Kia,Carens,2008,251738
Mitsubishi,Eclipse,1993,982430
Chevrolet,TrailBlazer,2005,160168
Jeep,Cherokee,1997,733761
Ford,Crown Victoria,1998,976062
Ford,Crown Victoria,2002,625701
Lexus,ES,2007,297970
Chevrolet,HHR,2011,959082
GMC,Sierra 2500,2003,819810
Volvo,S80,2000,465716
Volkswagen,Passat,2006,787743
Dodge,Ram 2500,2009,906369
Pontiac,Sunfire,2001,54312
Mazda,RX-7,1987,325052
Infiniti,G,2003,950961
Plymouth,Colt Vista,1992,605324
Mitsubishi,Chariot,1996,660452
Chevrolet,G-Series 3500,1998,230397
Suzuki,Swift,1997,932558
Volkswagen,Golf,2011,928750
Volkswagen,Cabriolet,1986,116158
Chrysler,Town & Country,2012,151338
Subaru,Brat,1985,95584
Chevrolet,Camaro,1980,383241
Chevrolet,Express 2500,2005,363423
Chevrolet,Astro,2004,723643
Pontiac,G6,2007,809228
Chevrolet,TrailBlazer,2008,381861
Subaru,Forester,2005,523396
Jaguar,XK,2007,692514
Lotus,Esprit,1994,854996
Buick,Park Avenue,1999,551222
Ford,F250,1998,873216
Chevrolet,Astro,1999,611881
Volkswagen,Golf,1991,310777
Pontiac,G6,2005,202262
BMW,Z3,2002,423824
Mercedes-Benz,M-Class,2008,893737
Toyota,Camry Hybrid,2012,678486
Mitsubishi,Truck,1989,11796
Volkswagen,GTI,1991,900164
Dodge,Intrepid,2003,614716
Volvo,XC70,2005,583429
GMC,Sierra 2500,2007,277543
Volkswagen,Jetta III,1994,180122
Buick,Skylark,1995,287255
Audi,A5,2011,989378
Chevrolet,Aveo,2008,44187
Lexus,LS,2003,119604
GMC,Safari,1995,795159
Saturn,Relay,2005,228779
Kia,Sephia,1997,856471
Cadillac,Sixty Special,1993,288247
Lexus,GS,2000,35985
Lexus,IS,2002,383391
Porsche,Carrera GT,2004,428879
GMC,1500,1992,996123
Honda,CR-V,2003,545046
Isuzu,Rodeo Sport,2001,217541
Ford,F350,2006,766218
Ford,Thunderbird,1985,352420
GMC,Sierra,2009,180451
Mazda,MX-5,2006,941194
Volkswagen,CC,2010,540671
Hyundai,Scoupe,1992,856255
BMW,X5,2007,651633
Nissan,NV1500,2012,394892
Chevrolet,Vega,1971,210737
BMW,M3,2001,433508
Dodge,Intrepid,1993,12465
Infiniti,G37,2010,307850
Ford,Mustang,2001,440047
Ford,Edge,2007,183416
GMC,Sierra 1500,2011,186760
Mercedes-Benz,Sprinter 3500,2011,943495
Isuzu,VehiCROSS,2000,122977
Dodge,Caravan,1993,332868
Saab,9000,1990,198987
Cadillac,Eldorado,2002,923452
Ford,E250,2004,945923
GMC,Savana 3500,2012,783928
Hyundai,Veracruz,2009,246482
GMC,Yukon Denali,2000,589364
Mazda,MPV,1990,155408
Pontiac,Firebird,1969,339389
Chevrolet,Corvette,1986,291155
GMC,Vandura G2500,1995,555479
Nissan,Xterra,2008,147831
BMW,M5,2007,472522
Chevrolet,S10,2004,344481
Cadillac,Escalade ESV,2009,985247
Suzuki,Sidekick,1994,737768
Hyundai,Elantra,1999,305913
BMW,7 Series,1996,489499
Spyker,C8,2005,237396
Ford,F-250 Super Duty,2006,65478
Hyundai,Sonata,2009,873389
Lotus,Esprit,1991,176394
Volkswagen,Touareg,2004,782714
Mitsubishi,Eclipse,2012,930877
Chevrolet,Cobalt SS,2007,177490
Porsche,Boxster,2004,775708
Volkswagen,Jetta,2001,377523
Toyota,RAV4,2006,323080
Lamborghini,Gallardo,2011,478023
Mercedes-Benz,S-Class,2012,431341
Mazda,MX-3,1993,733138
Saab,9-3,2010,539534
Cadillac,Seville,2000,175848
Ford,F350,2001,692916
Scion,xB,2006,559813
Nissan,Pathfinder,1992,74367
Dodge,Ram 1500,2008,296289
Mercury,Sable,2005,401899
Mercury,Sable,1996,959422
Bentley,Continental GT,2007,72590
Audi,A3,2006,958116
Bentley,Continental GT,2009,173082
Volkswagen,New Beetle,2001,848327
Chevrolet,Colorado,2005,735100
Buick,Lucerne,2006,739740
Nissan,Sentra,1998,732580
GMC,Envoy,2008,905118
Ford,F250,2007,553559
Pontiac,Torrent,2008,167965
Mazda,B-Series,2006,746089
Nissan,Sentra,2007,866004
Honda,S2000,2005,177627
Ford,Ranger,2011,926839
GMC,Suburban 1500,1994,273164
Toyota,RAV4,2008,461244
Kia,Forte,2011,931108
Chrysler,Concorde,2004,683401
Nissan,Sentra,1996,822771
Isuzu,Hombre Space,1999,54352
Volkswagen,Golf,1987,692843
Kia,Sedona,2007,818154
Porsche,944,1983,419800
Mercedes-Benz,E-Class,2011,705355
Lexus,LFA,2012,572784
Dodge,Dakota Club,1995,315428
Mercedes-Benz,SLK-Class,2005,429889
Oldsmobile,Intrigue,1998,956458
Lexus,LS,2007,422430
Cadillac,Allante,1992,755466
Audi,A8,2003,341612
Pontiac,GTO,1974,856694
Chevrolet,Express 2500,1999,555165
Mitsubishi,Mirage,2001,656893
Saab,9-3,2012,560579
Bentley,Brooklands,2009,780773
Chrysler,Cirrus,1995,360454
Aston Martin,DB9,2005,956274
Chrysler,300,2008,201003
BMW,X6,2008,274746
Cadillac,Seville,1995,877129
Lexus,RX Hybrid,2008,314196
Toyota,Yaris,2009,88062
Jeep,Cherokee,1996,842800
GMC,Canyon,2005,656040
Volkswagen,Jetta,2004,967152
GMC,3500,1994,621604
Hyundai,Sonata,1997,922815
GMC,Savana 2500,2007,913326
Pontiac,Aztek,2001,249526
Mitsubishi,Diamante,1992,393927
Mazda,CX-7,2008,112906
Panoz,Esperante,2006,648353
Chrysler,PT Cruiser,2002,284299
BMW,M,2000,588820
Chevrolet,Express 2500,1998,25120
Jeep,Liberty,2010,812446
Plymouth,Volare,1976,30510
Toyota,Yaris,2008,714717
Mercury,Grand Marquis,1987,981174
Pontiac,6000,1991,347334
Lincoln,Continental,2002,51294
Cadillac,Catera,1998,99052
Kia,Rio,2001,969892
Ford,E-Series,1995,597178
Kia,Soul,2010,656468
GMC,1500,1997,239011
Ferrari,599 GTB Fiorano,2007,380621
Mercedes-Benz,SL-Class,1999,200511
Audi,80,1991,686989
Kia,Sportage,1999,394507
Mercedes-Benz,C-Class,2008,797333
Dodge,Ram 1500,2010,363748
Ford,Mustang,2013,637192
Suzuki,Grand Vitara,2012,897037
Lotus,Esprit,1991,629234
BMW,M5,2008,156771
Chevrolet,Colorado,2012,221349
Volkswagen,GTI,2007,288688
Saturn,Aura,2009,222643
Ford,Th!nk,2001,936509
Mazda,626,1983,120215
BMW,M3,1999,803696
Dodge,Neon,1999,201568
Ford,E-Series,1991,874241
Cadillac,DTS,2011,456766
GMC,Sierra 1500,2004,281263
Mercedes-Benz,E-Class,1991,547006
Buick,Regal,2004,314237
Pontiac,GTO,1969,303395
GMC,3500 Club Coupe,1997,386294
Mitsubishi,Truck,1992,934353
Mercury,Milan,2006,913696
Mitsubishi,Montero,1995,327025
Chevrolet,Camaro,1999,709486
Hyundai,Scoupe,1992,133367
Infiniti,G25,2012,769613
Suzuki,Grand Vitara,2003,567081
Chrysler,Pacifica,2006,315834
Mazda,Protege,1993,341310
Mazda,929,1989,116814
Pontiac,Aztek,2003,808168
Dodge,Colt,1992,867257
Land Rover,Freelander,2011,262469
Pontiac,GTO,2005,678345
Ford,Mustang,2005,927501
GMC,Sierra Denali,2006,472153
Isuzu,Impulse,1992,91995
Mitsubishi,Mirage,2000,44888
Audi,Coupe GT,1987,570611
Nissan,Sentra,2011,162157
Ford,Escort,1984,300594
Audi,riolet,1994,537436
Mazda,GLC,1984,222697
Porsche,911,1995,285688
Maserati,Quattroporte,2009,196120
Subaru,Legacy,1994,965488
Nissan,Frontier,2005,884835
GMC,Sierra 2500,2011,305231
BMW,5 Series,2008,530894
Mazda,626,2002,741074
Chevrolet,Prizm,1998,919559
Volvo,C70,2003,946422
Lexus,IS,2002,270377
Mitsubishi,Eclipse,2004,889876
Mitsubishi,Diamante,1997,294024
Porsche,911,1991,141373
Eagle,Talon,1992,189347
Mazda,Mazdaspeed 3,2007,760831
Mercury,Mountaineer,1997,566464
Lexus,RX Hybrid,2008,692167
Mercedes-Benz,SL-Class,1998,776940
Mitsubishi,Mighty Max Macro,1992,942881
Jeep,Cherokee,2001,443848
Oldsmobile,Silhouette,1994,287326
Pontiac,Bonneville,1999,785675
Lotus,Elise,2008,771836
Dodge,Ram 3500,2007,446380
Ford,Expedition,2006,877837
Audi,5000S,1987,998387
BMW,X3,2011,153030
Chevrolet,S10,1998,281061
Chevrolet,Lumina,1992,557164
Infiniti,FX,2004,521170
Suzuki,X-90,1996,839897
Mercedes-Benz,W126,1983,486576
Suzuki,Grand Vitara,1999,121842
Lexus,LS,2007,147196
BMW,X5,2006,40753
Lexus,ES,2006,283635
BMW,Z4,2006,485978
Chevrolet,Blazer,2001,875794
Mercedes-Benz,M-Class,2007,341258
Pontiac,Bonneville,1964,570431
Ford,Crown Victoria,2006,34790
BMW,Z8,2002,780292
Nissan,Pathfinder,1995,473493
Chevrolet,Corvette,1995,96859
GMC,Sierra 3500,2001,313169
Hummer,H3,2008,962076
Cadillac,CTS,2005,612537
Jeep,Cherokee,1998,562142
Ford,Ranger,2007,195818
Volkswagen,Passat,2009,299426
Pontiac,G6,2007,34591
Kia,Sedona,2008,233662
Subaru,XT,1988,858758
Mercedes-Benz,E-Class,1991,749160
Volkswagen,Jetta,2005,817573
Nissan,Altima,1997,342590
Honda,Prelude,1985,397397
Hyundai,Veloster,2013,289423
BMW,5 Series,2003,14709
Kia,Sportage,1996,964061
Pontiac,GTO,1970,573966
Bugatti,Veyron,2009,676260
Volkswagen,Cabriolet,1988,737846
Mitsubishi,Eclipse,2008,132601
Suzuki,Vitara,1999,263599
Lincoln,Continental,1993,692978
Pontiac,Grand Am,1985,429446
Chevrolet,Camaro,1974,993968
Isuzu,Oasis,1997,810111
Suzuki,Samurai,1992,279401
Chevrolet,Impala,2006,93783
Chevrolet,Venture,1998,932708
Toyota,Tundra,2009,208055
Dodge,Colt,1993,13350
Mazda,MX-5,1990,517016
Isuzu,Amigo,1998,179443
BMW,5 Series,2000,561767
Kia,Carens,2007,861513
Mercedes-Benz,CL-Class,2000,298358
Land Rover,Range Rover,2012,418974
BMW,Z4 M,2007,524614
Toyota,Sienna,2010,665833
GMC,Sonoma,2003,877085
Chevrolet,Suburban 2500,1999,28708
Volvo,S40,2005,635587
BMW,Z4,2010,814822
Acura,TL,2002,632535
Chevrolet,Cavalier,2000,111255
Mitsubishi,Diamante,1993,79839
Mercedes-Benz,C-Class,1997,339710
Mitsubishi,Tredia,1986,652189
Dodge,Stratus,2002,879961
Ford,E-Series,1992,412973
Jaguar,XK Series,2002,541042
Chevrolet,Malibu,2006,618445
Mercedes-Benz,E-Class,1992,651405
Toyota,Corolla,2012,776744
Mercury,Grand Marquis,1991,585497
Mitsubishi,Mirage,1999,323283
Maybach,Landaulet,2010,450183
Lexus,RX,2002,530384
Volkswagen,Touareg,2009,962917
Ferrari,612 Scaglietti,2010,739517
Kia,Sephia,2000,453177
Dodge,Ram 1500,2001,507312
Mercedes-Benz,R-Class,2009,96676
Honda,Accord,1997,408435
Mercury,Grand Marquis,1985,230645
Mitsubishi,Montero,1992,270621
Toyota,Sienna,2002,153007
Hyundai,Sonata,2001,81432
Honda,Accord,2002,448389
BMW,X3,2009,215819
Chevrolet,Corvette,1996,27628
Chevrolet,Beretta,1992,819570
Mitsubishi,Sigma,1989,491826
Plymouth,Grand Voyager,1999,362978
Nissan,Frontier,2006,474751
Chevrolet,Silverado 3500,2010,356183
Ford,Econoline E150,1999,216114
Dodge,Viper,2005,823091
Hyundai,Scoupe,1993,764636
Dodge,Ram 2500,2008,445763
Honda,Civic,1995,457691
Mitsubishi,Pajero,2000,410828
Mercedes-Benz,300TE,1992,688590
Porsche,Boxster,2010,361381
GMC,Envoy,2002,933897
Aston Martin,DB9,2010,767352
Volvo,S80,2007,297129
Volvo,XC90,2010,746769
Hyundai,Genesis,2011,719324
Mercury,Sable,1998,634390
Ford,Thunderbird,1985,679643
Rolls-Royce,Phantom,2011,729464
Lexus,IS,2010,842399
Volkswagen,Jetta,1991,22189
Porsche,924,1988,856029
Pontiac,Firebird,1989,32125
Rolls-Royce,Ghost,2011,165149
Mitsubishi,Cordia,1985,846987
Dodge,Ram 1500 Club,1995,205846
Mercedes-Benz,C-Class,2001,374077
Nissan,Altima,2005,90996
Toyota,T100 Xtra,1995,622977
Audi,A6,2012,530965
Audi,Coupe GT,1987,821187
Plymouth,Laser,1991,560245
Porsche,924 S,1987,711467
Land Rover,Range Rover,1994,688555
Volkswagen,Cabriolet,1989,323252
Subaru,Legacy,1999,706425
Porsche,Cayenne,2008,329483
Mercedes-Benz,600SEL,1992,511086
GMC,3500,1998,742524
Mercedes-Benz,SLK-Class,1998,833182
Audi,A6,2008,558351
Chevrolet,Tahoe,2004,973161
BMW,X5 M,2010,617634
Nissan,Versa,2008,94061
Audi,Quattro,1985,325884
Mercedes-Benz,E-Class,1998,257461
Mercury,Cougar,1989,754590
Dodge,Stratus,1998,510009
Dodge,Ram Van B350,1992,254471
GMC,Sierra 2500,2008,658614
Mazda,Mazda3,2009,985650
Mercedes-Benz,SL-Class,2007,241499
Maserati,Gran Sport,2005,183249
Maserati,Quattroporte,2011,393158
Subaru,Legacy,2010,554217
Mazda,626,2001,35537
Volvo,S60,2013,767475
Toyota,Camry Hybrid,2012,993026
Oldsmobile,Silhouette,1997,171588
Nissan,200SX,1996,109938
Toyota,Camry Hybrid,2009,677986
Honda,Civic,1992,412638
GMC,Yukon,2009,331621
GMC,Envoy,2006,472257
Hummer,H3T,2009,384112
Honda,Accord,1994,693133
Pontiac,6000,1990,87727
Mitsubishi,Eclipse,1997,855692
Audi,TT,2005,587117
Chevrolet,Camaro,1979,95277
Nissan,Armada,2006,502099
GMC,Sierra 3500,2006,529326
Toyota,Corolla,2008,333071
GMC,Sonoma,2001,757769
Ford,Aerostar,1994,92861
Toyota,MR2,1985,465110
Jaguar,S-Type,2008,483762
Mitsubishi,GTO,1992,560565
Mercedes-Benz,SLK-Class,2005,324177
Volkswagen,Golf,1985,745771
Volkswagen,Cabriolet,1989,93457
Mazda,MX-6,1990,676680
Honda,Civic,1980,407134
Bugatti,Veyron,2011,361853
Ford,E150,2008,176586
Toyota,Sienna,2011,496902
GMC,Yukon XL 1500,2000,722138
Porsche,911,1996,493895
Buick,LaCrosse,2007,481802
Plymouth,Grand Voyager,1997,953593
Mazda,B-Series,2003,195688
BMW,5 Series,1998,414066
Chevrolet,Colorado,2004,544398
Eagle,Talon,1993,604172
Toyota,Celica,2003,47192
Toyota,Prius v,2012,363446
Lincoln,Continental,1984,332070
Chevrolet,S10,1996,582066
Ford,Explorer Sport Trac,2006,556124
Chevrolet,Camaro,2002,933338
Toyota,Camry,1995,188742
Studebaker,Avanti,1964,402921
Nissan,370Z,2012,494380
Hyundai,Tiburon,1997,754671
Chevrolet,Caprice,1994,232736
Kia,Sorento,2008,568588
Chevrolet,Express 1500,2007,380215
Nissan,Xterra,2005,207440
Nissan,Quest,2004,731733
Toyota,Sienna,2002,347035
Mitsubishi,Montero,1993,228725
Toyota,Camry Solara,2008,899133
Mercury,Topaz,1994,926125
Honda,Odyssey,1998,119224
Mazda,Miata MX-5,1997,919875
Dodge,Durango,2007,361140
Lexus,GX,2008,410407
Mitsubishi,RVR,1994,924571
Mazda,MX-6,1997,889408
Suzuki,Swift,1996,903655
Toyota,Sequoia,2006,802989
Ford,Club Wagon,1997,313647
Mazda,B2000,1985,356239
Mazda,MX-5,1999,175725
Dodge,Ram Van 2500,1997,298137
Audi,Q5,2011,828131
Dodge,Dakota Club,2006,66289
Volkswagen,Jetta,2004,36396
Chevrolet,Malibu,1999,294195
Porsche,911,2000,924441
GMC,Yukon XL 2500,2009,160191
Pontiac,Grand Prix,1968,21849
Pontiac,1000,1986,222931
Hyundai,Sonata,2009,208279
Mazda,Miata MX-5,1996,126444
Ford,Explorer Sport Trac,2008,472752
Maserati,Spyder,2002,932938
Mercedes-Benz,E-Class,2005,231422
Jeep,Liberty,2010,958184
Alfa Romeo,164,1994,734908
Fillmore,Fillmore,1960,947743
Cadillac,Catera,1999,585678
Jeep,Wrangler,1995,227532
Pontiac,GTO,1964,230398
Dodge,Ram Van 2500,2002,575480
Acura,RL,2005,454700
Land Rover,Defender 90,1994,914577
Cadillac,Escalade ESV,2012,109070
Volkswagen,Cabriolet,1989,930330
Ford,Contour,2000,176197
Subaru,Alcyone SVX,1992,550031
Mazda,MPV,1997,926775
Mercury,Monterey,2006,628866
Nissan,Maxima,1995,95120
Buick,Riviera,1991,416181
Ford,Aerostar,1987,175907
Dodge,Daytona,1984,490930
Dodge,Ram 2500,2005,23583
Volvo,S80,2000,19530
Mazda,CX-7,2011,842004
Toyota,RAV4,1998,642371
Lexus,CT,2012,629271
Chrysler,Sebring,1999,52823
Volkswagen,Passat,2002,260303
Aston Martin,Vantage,2007,529558
Ford,Tempo,1991,536243
Chevrolet,Express 2500,2009,345875
Saturn,L-Series,2004,96835
Chevrolet,Express 3500,2008,730171
Honda,Civic,2007,94495
Toyota,Sienna,2003,695817
Toyota,Echo,2005,408244
Nissan,Armada,2008,886715
Ford,Flex,2011,384754
BMW,325,2005,35019
Aston Martin,Vantage,2006,20260
Ford,E350,2010,712288
Mazda,RX-7,1994,767960
Lexus,GS,2003,202142
Smart,Fortwo,2011,717213
Mitsubishi,Truck,1988,988256
Mitsubishi,Lancer Evolution,2010,632414
Honda,Civic,1997,505242
Cadillac,DeVille,1996,481951
Morgan,Aero 8,2007,212495
Jeep,Wrangler,2009,121705
GMC,1500 Club Coupe,1999,988060
Pontiac,Aztek,2004,713515
Nissan,Pathfinder,2006,720634
Volvo,C70,2008,625607
Toyota,Prius,2008,825426
Dodge,Ram 3500 Club,1996,38294
Nissan,Maxima,2011,32291
Volkswagen,Jetta,2005,576710
BMW,6 Series,1989,442559
Chrysler,Sebring,2003,72237
Lexus,GS,2000,364370
Volkswagen,Cabriolet,1993,944031
Pontiac,Grand Am,2000,135472
Mitsubishi,Montero,1995,185214
Isuzu,Amigo,1994,611839
Nissan,370Z,2009,603752
Buick,LeSabre,2002,234488
Honda,Prelude,2000,46498
Saab,900,1987,932782
Pontiac,Fiero,1986,423823
Ford,Fusion,2006,676788
Ford,Escort,1998,729440
Nissan,Frontier,2012,454994
Jaguar,XK,2011,539156
Dodge,Ram Van 1500,2003,474273
Subaru,Legacy,1992,301082
Saab,900,1993,652406
Ford,Ranger,1988,449940
Mercedes-Benz,G-Class,2005,932871
Volkswagen,Cabriolet,1998,102093
Toyota,T100,1996,862556
Lexus,IS F,2010,11313
Pontiac,Grand Prix,1970,815063
Subaru,Justy,1987,929207
Cadillac,DeVille,1999,197990
Chevrolet,Tahoe,1997,278335
Mazda,MX-5,1995,125688
BMW,3 Series,2006,964113
Ford,Explorer,2010,391046
Suzuki,Sidekick,1997,797126
Lexus,RX Hybrid,2012,432140
Dodge,Charger,2006,998808
Chevrolet,G-Series G30,1996,163280
Geo,Metro,1996,923597
Jeep,Wrangler,2001,801932
Mercedes-Benz,CL-Class,2007,799128
Infiniti,JX,2013,184494
Nissan,Pathfinder,2005,245848
Nissan,Altima,1994,579685
Mazda,RX-7,1985,529438
GMC,Acadia,2010,74146
Ford,Excursion,2001,724664
Mercury,Marquis,1986,181748
Kia,Amanti,2005,290415
Lotus,Elan,1992,452699
Saab,9-2X,2006,905533
Lamborghini,Diablo,2001,828635
Honda,CR-V,2011,537263
Acura,TL,2000,721151
Lexus,GS,2006,21977
Maybach,57,2004,239823
Pontiac,6000,1990,344638
Lexus,LS,2011,734084
Audi,Allroad,2004,751018
BMW,760,2006,217366
Nissan,Maxima,2009,57482
Subaru,Brat,1986,369249
Ford,Probe,1997,382362
Mercedes-Benz,CL-Class,2010,895112
Lincoln,Continental,2002,696861
Subaru,Outback,2007,521226
Toyota,Celica,1993,421095
Land Rover,Range Rover,1989,997404
Chevrolet,G-Series 1500,1997,700343
Acura,Integra,1998,295658
Ford,Explorer Sport Trac,2003,951145
Oldsmobile,Bravada,2004,937336
Dodge,Viper,1992,770820
Volvo,S80,2004,576260
Subaru,Legacy,2001,307928
Audi,S4,2007,98352
Honda,Fit,2012,238096
Porsche,Cayenne,2009,537306
Bentley,Continental Flying Spur,2010,317056
BMW,6 Series,2008,656632
Ford,Explorer,2005,354103
Mercury,Grand Marquis,1995,381188
Honda,Odyssey,2008,70158
Hyundai,Elantra,2002,782680
Cadillac,STS,2010,450731
Dodge,Grand Caravan,2004,332241
Mazda,MPV,1998,631013
Jeep,Grand Cherokee,2003,142639
Mercedes-Benz,SL-Class,1991,828132
Toyota,Highlander Hybrid,2007,949642
Jeep,Wrangler,1993,279011
Chrysler,PT Cruiser,2002,962575
Porsche,Boxster,2007,734448
Subaru,Impreza,2002,114918
Honda,Accord,2003,474304
Dodge,Stratus,2002,20368
Suzuki,SJ,1989,423644
Toyota,MR2,1995,554761
Toyota,Sienna,2002,367001
Toyota,Tundra,2008,531738
Lincoln,Continental,1988,219357
Dodge,Dakota,2003,489822
Mercedes-Benz,E-Class,1986,866902
Nissan,300ZX,1995,599493
Toyota,Avalon,1997,932095
Maserati,Quattroporte,2007,768520
Lincoln,Continental,1988,616967
Toyota,Matrix,2007,658674
Chevrolet,Silverado 2500,2002,406319
Pontiac,Grand Prix,1970,772660
Ford,Taurus X,2009,106833
Mazda,626,1995,218146
Austin,Mini Cooper S,1963,934245
Chevrolet,Silverado 1500,2000,379611
Toyota,Truck Xtracab SR5,1989,394427
Subaru,Legacy,2000,552859
Ford,Taurus,1998,450966
Toyota,FJ Cruiser,2012,579202
BMW,7 Series,2004,965919
Volkswagen,Touareg,2007,645505
Nissan,Cube,2011,291838
Volkswagen,Rabbit,2007,388905
Cadillac,Eldorado,1996,590425
Jeep,Wrangler,2006,397725
Volvo,C70,2002,619237
Jaguar,XJ Series,2002,464851
Saturn,VUE,2010,492957
Chevrolet,Camaro,1999,655901
Subaru,Forester,2012,803267
Pontiac,Grand Prix,1996,727653
Volkswagen,GTI,2004,720733
GMC,Savana 3500,1998,903837
Lincoln,LS,2004,539472
Dodge,Dynasty,1993,375544
BMW,M5,2007,714218
Chrysler,300,2007,724809
Mitsubishi,Outlander,2005,658663
Land Rover,Range Rover,1988,788183
Ford,Econoline E150,1994,85384
Ford,Taurus,1987,92262
GMC,Safari,1993,158315
BMW,Z4 M,2008,376325
Volvo,C70,2011,739361
Hyundai,Azera,2009,673151
Ford,Tempo,1988,542318
BMW,Alpina B7,2008,488526
Isuzu,i-290,2007,150363
Mazda,Millenia,1995,448866
Nissan,Xterra,2006,595792
Porsche,944,1983,958266
Buick,LeSabre,1990,794546
Chevrolet,Suburban 1500,2003,42019
BMW,Z3,1997,182616
Jeep,Grand Cherokee,2005,151595
Toyota,MR2,2003,393575
Buick,Park Avenue,1994,610793
Kia,Optima,2004,742738
Cadillac,Catera,1997,37014
Buick,Riviera,1995,611567
Chevrolet,Silverado,2011,405203
Hyundai,Santa Fe,2007,104386
Chevrolet,Silverado 1500,2011,840379
Porsche,911,2007,968567
Audi,Q7,2008,968450
Mazda,CX-9,2012,898612
Saab,9-5,2001,773999
Subaru,Alcyone SVX,1994,297530
Nissan,Quest,2007,354367
Pontiac,Firefly,1990,56255
Lincoln,Town Car,2008,893406
Audi,Q5,2012,508119
Chevrolet,Prizm,1999,236403
Ford,Mustang,1993,436202
Volkswagen,Jetta,1987,215056
Dodge,Ram Van 2500,2001,632329
Volkswagen,GTI,2001,286751
Ford,Festiva,1991,887400
Jeep,Liberty,2012,54781
Audi,A4,2003,122266
Mitsubishi,Pajero,2005,219653
BMW,M5,2003,763961
Chevrolet,3500,1994,404355
Toyota,Corolla,2002,668285
Honda,Civic,2011,101485
Dodge,Ram Van 1500,1997,354384
Mitsubishi,Truck,1987,604750
Buick,Park Avenue,1991,802164
Pontiac,Chevette,1987,112503
Acura,TL,2001,136154
Dodge,Monaco,1992,337000
Volkswagen,Golf,1992,666856
Audi,TT,2009,120346
Ford,Taurus,1991,846973
Chevrolet,Express 1500,1997,313463
BMW,3 Series,2004,123974
Ford,F450,2011,672206
Cadillac,XLR-V,2007,276978
Pontiac,Grand Am,1999,222694
Lexus,SC,1999,34054
BMW,X6,2011,680894
Honda,Element,2003,13196
Scion,tC,2006,929245
Dodge,Shadow,1994,419663
Audi,A5,2012,466327
Oldsmobile,88,1999,490327
BMW,Z3,2001,993326
Lincoln,Town Car,1984,688930
BMW,M3,2012,378009
Nissan,Altima,2010,290565
Eagle,Talon,1992,477745
Ferrari,F430,2009,262816
Porsche,Boxster,2003,537851
Chevrolet,Suburban 1500,2010,819034
Acura,RL,1996,96508
Honda,Odyssey,2005,48556
Infiniti,M,2012,74823
Ford,Crown Victoria,2000,348737
Toyota,RAV4,2007,844104
GMC,Rally Wagon 1500,1992,859063
Mazda,Mazda5,2012,984069
Dodge,Caravan,2005,728734
Toyota,TundraMax,2012,545926
Oldsmobile,Toronado,1992,32255
Mazda,B-Series,1997,338978
Chevrolet,HHR,2008,258205
Toyota,Sequoia,2009,213502
Mercedes-Benz,400SE,1992,402530
Chevrolet,Tracker,1998,79170
Volkswagen,rio,2001,598685
Mitsubishi,Eclipse,2010,916005
Volkswagen,New Beetle,2003,233657
Volkswagen,Touareg,2003,816486
Mitsubishi,Pajero,1993,751634
Chevrolet,Silverado 2500,2001,510163
Nissan,Frontier,2006,323136
Ford,F450,2010,938811
Mazda,B-Series Plus,1999,302445
Suzuki,Swift,2001,504258
Honda,Civic GX,2003,66636
Oldsmobile,Silhouette,2003,77363
Scion,xA,2005,155717
Jaguar,S-Type,2008,408075
Suzuki,Daewoo Lacetti,2008,791901
Chevrolet,Malibu,2001,187086
Dodge,Ram Wagon B150,1994,67240
Mitsubishi,Expo,1992,981179
Lexus,ES,1992,674593
Pontiac,Bonneville,1996,988473
Mitsubishi,GTO,1994,358356
Toyota,Prius,2007,655517
Chevrolet,Express,2012,683235
Saab,9-7X,2009,793329
Plymouth,Laser,1991,888534
GMC,Sierra 3500,2005,860853
Isuzu,Ascender,2009,970765
Ford,E350,2006,441654
Eagle,Vision,1993,442203
Mercedes-Benz,SL-Class,1984,15625
Mercury,Tracer,1991,207300
Dodge,Ram 2500 Club,1997,67972
Hyundai,Veracruz,2012,399623
Toyota,TundraMax,2012,331299
Mazda,MX-5,2004,349050
Ford,Crown Victoria,2011,498846
Dodge,Ram Van B150,1994,865112
Pontiac,Bonneville,1989,168907
Acura,NSX,2001,301144
Audi,A3,2006,808212
Pontiac,LeMans,1965,274734
Ford,F150,2000,570059
Pontiac,Grand Am,2004,141309
Porsche,944,1986,539205
Land Rover,Freelander,2004,893242
Nissan,Pathfinder,2000,367141
Chevrolet,Corvette,1970,69053
Toyota,T100,1995,509323
Infiniti,EX,2008,155460
Chrysler,Pacifica,2004,421422
Mazda,B-Series Plus,2000,303847
Chevrolet,Avalanche 1500,2002,320166
Audi,A5,2008,880988
Buick,Coachbuilder,1990,582303
Chrysler,300M,2001,803577
Volvo,S80,2008,982624
Volkswagen,Tiguan,2012,704362
Toyota,Corolla,2002,159176
Toyota,Celica,1996,653248
Mazda,Mazda6,2004,171787
Infiniti,G,2008,927489
Dodge,Ram Van 1500,2000,41425
Porsche,Boxster,2000,895227
Pontiac,Grand Prix,1998,811135
Pontiac,Bonneville,1994,226322
Volkswagen,GTI,1987,218354
Ford,Taurus,2009,954278
Mercury,Sable,1992,288707
Mazda,MX-5,1990,151896
Cadillac,Escalade,2000,16295
Toyota,Paseo,1996,295627
Mitsubishi,Diamante,2000,724566
Ford,Econoline E350,1993,27676
Mercury,Villager,1996,20252
Chevrolet,Lumina,1996,952209
Plymouth,Neon,1997,974986
Saturn,S-Series,2002,815449
Lotus,Evora,2010,986084
Mazda,RX-8,2007,500650
Lamborghini,Countach,1988,746906
Mercury,Cougar,1993,938133
Lexus,RX,2010,289849
Bentley,Continental Flying Spur,2009,553079
Chevrolet,Corsica,1996,228921
BMW,Z3,1996,559639
Pontiac,Fiero,1988,127442
Lexus,IS,2007,638254
Lincoln,Continental Mark VII,1988,514841
Lamborghini,Gallardo,2006,535374
Mazda,B-Series,2005,435134
Land Rover,Freelander,2005,283515
Mazda,RX-7,1994,241156
Mercury,Topaz,1992,853169
Chevrolet,G-Series G30,1994,311074
Mazda,Tribute,2010,12140
Mercedes-Benz,E-Class,2009,291547
Chevrolet,Beretta,1996,614419
Saturn,Relay,2005,45055
Saturn,L-Series,2002,59918
Subaru,Outback,2008,161582
BMW,Z4,2003,626602
Toyota,Land Cruiser,1992,423618
Saturn,Relay,2006,299429
Isuzu,Hombre Space,1999,341070
Chevrolet,HHR,2006,200159
Lincoln,LS,2002,201655
Chevrolet,Express 1500,1996,210880
Toyota,Camry,2002,641636
Subaru,Legacy,2007,529882
Nissan,Xterra,2005,574432
Daewoo,Lanos,2001,426616
Chevrolet,Express 1500,1998,62939
Chevrolet,Monte Carlo,1998,485601
Chevrolet,Caprice,1977,319291
Lamborghini,Diablo,1991,170329
Ford,Escape,2006,432418
Dodge,Challenger,2009,425034
Mercedes-Benz,500SEL,1993,992291
Chevrolet,Sportvan G10,1992,748968
Ford,Laser,1986,292008
Lexus,LS,2010,562342
Mazda,626,2000,991614
GMC,Envoy XL,2006,218917
Lincoln,Mark VIII,1997,279113
Infiniti,QX56,2008,47889
Cadillac,CTS-V,2010,249068
Ford,Mustang,1984,74547
Toyota,Avalon,2010,127388
Mazda,Miata MX-5,2009,501948
Kia,Forte,2012,288525
Mitsubishi,Montero,1993,704026
Suzuki,Sidekick,1989,682748
Ford,Crown Victoria,2006,734749
Chevrolet,Corvette,1975,433577
Mercedes-Benz,300SE,1993,558271
Ford,Mustang,1996,979884
Porsche,928,1994,977128
Toyota,RAV4,1997,849806
Ford,Bronco,1990,465652
Lincoln,Navigator,2010,453977
Alfa Romeo,Spider,1992,981427
Lexus,SC,2004,666280
Acura,TSX,2008,382753
Toyota,Tacoma Xtra,2003,48563
Lincoln,Town Car,2003,10037
Lincoln,Continental,1995,891753
Volkswagen,Passat,1988,532846
Isuzu,Trooper,1994,89174
Saturn,Sky,2008,862949
Pontiac,Parisienne,1984,886896
Chevrolet,Camaro,1978,744855
Alfa Romeo,Spider,1993,824980
Toyota,Yaris,2006,356595
Mercedes-Benz,E-Class,1989,409088
Chevrolet,Corvette,2005,938011
Dodge,Intrepid,1999,489829
Bentley,Brooklands,2010,913486
Ford,Courier,1986,319369
Mercury,Grand Marquis,1994,738784
Pontiac,GTO,1969,189721
Chevrolet,Suburban 2500,1997,195126
Ford,E-Series,1996,573363
Chevrolet,Monte Carlo,1998,633952
Lexus,GX,2005,582596
Mitsubishi,3000GT,1997,697182
Mercedes-Benz,500SEC,1993,21080
Lexus,HS,2012,562217
Dodge,Ram 1500,2008,470478
Jaguar,XJ,2010,301032
Buick,Regal,1993,561368
Isuzu,i-370,2007,705670
Chevrolet,Suburban 2500,2007,542068
GMC,Sierra 1500,2011,654107
Kia,Soul,2010,202909
Toyota,Matrix,2008,405959
Volvo,S40,2010,672382
Ford,Contour,1995,503465
Honda,CR-V,2005,484118
Nissan,Sentra,1999,858848
Mercedes-Benz,SL-Class,2004,936506
Mazda,MX-6,1996,560391
Cadillac,Escalade EXT,2012,320534
Kia,Sportage,2006,830953
Mitsubishi,Eclipse,2012,277415
Infiniti,QX,1999,497978
Nissan,Maxima,2005,116288
Ford,Crown Victoria,2006,646038
BMW,5 Series,1997,715494
GMC,2500,1998,935039
Hyundai,Sonata,2003,728450
Volkswagen,Passat,2005,77723
BMW,325,2006,338827
Buick,Lucerne,2008,565503
Mercury,Mountaineer,1998,136589
Kia,Rio5,2008,979961
Hyundai,Accent,1996,937506
Nissan,Frontier,2002,895427
GMC,Yukon XL 2500,2011,51752
Pontiac,Gemini,1989,899450
Mazda,B-Series Plus,2000,312542
Infiniti,G37,2008,768894
Chevrolet,Corvette,2005,522270
Mercury,Tracer,1991,367663
Oldsmobile,98,1995,52798
Toyota,Corolla,2009,65138
Dodge,Shadow,1992,857854
Dodge,Colt,1992,44753
Chevrolet,Tracker,2000,332446
Saab,900,1992,825474
Subaru,Impreza,2010,348637
Ford,Bronco,1989,746071
Toyota,Highlander,2006,134491
MINI,Clubman,2008,905270
Mercedes-Benz,C-Class,2000,252932
Ford,E-Series,2006,622250
Infiniti,FX,2006,813828
Mercedes-Benz,SL65 AMG,2006,174303
GMC,Savana 1500,2012,975951
Cadillac,Seville,1995,641621
Audi,S5,2010,386831
BMW,Z4,2005,161725
Infiniti,G,2012,294293
Porsche,Panamera,2012,974963
Hyundai,Sonata,2001,34795
Infiniti,Q,2005,593427
Lexus,RX,2008,110336
BMW,3 Series,2004,675620
BMW,1 Series,2008,715271
GMC,Suburban 2500,1998,876302
Mercedes-Benz,R-Class,2010,597530
Pontiac,G3,2009,749057
Chevrolet,Impala,2005,452071
Audi,100,1992,344344
Aston Martin,Rapide,2011,813455
Suzuki,Verona,2005,421862
Mazda,MX-6,1989,357574
Acura,RL,2008,878056
Ford,LTD Crown Victoria,1987,39460
Jaguar,XK Series,2002,868652
Toyota,Highlander,2005,635166
Nissan,Rogue,2008,929727
Ford,Escort,2004,331502
Pontiac,GTO,1968,19830
Kia,Optima,2004,525030
Ford,Focus,2002,748325
GMC,Savana 3500,1996,506853
Chevrolet,Silverado 3500,2008,336343
Infiniti,G,2004,137835
Pontiac,Monterey,2005,302903
Chrysler,PT Cruiser,2008,777927
BMW,M,2001,776396
Nissan,Versa,2011,926448
Audi,S4,2001,935280
Volkswagen,Golf,1998,841606
Mercedes-Benz,C-Class,2005,579999
Ford,F250,1999,395828
Dodge,Magnum,2006,838180
Mitsubishi,Chariot,1987,51780
Chevrolet,Monte Carlo,2004,178799
Chevrolet,Corvette,1958,310833
Ford,Explorer,2003,816566
Audi,Quattro,1992,377197
Mitsubishi,Mirage,1997,73167
Buick,Rainier,2007,700469
Porsche,Cayenne,2003,488790
Toyota,4Runner,2004,430382
Chevrolet,Avalanche 2500,2003,742355
Maybach,Landaulet,2011,240181
Lincoln,Mark VIII,1998,699054
Hummer,H2,2006,736467
Nissan,Sentra,2010,884494
BMW,545,2004,427455
Pontiac,Gemini,1989,71886
GMC,Jimmy,1995,724150
Ford,Explorer,2006,890557
Lexus,SC,1998,794720
BMW,5 Series,1993,694090
Mitsubishi,Montero,2005,549307
Lexus,RX,2006,94498
Toyota,Camry,1999,811239
BMW,7 Series,2012,693231
Dodge,Grand Caravan,1992,80290
Audi,100,1992,820244
Saturn,S-Series,1997,124458
Lexus,HS,2011,960926
Hummer,H2,2004,154423
Chevrolet,Express 2500,1998,336862
Infiniti,Q,1998,944135
Chrysler,Sebring,2007,610418
Ford,Thunderbird,1997,617693
Saab,900,1994,107531
Nissan,Altima,2006,591296
Ford,Ranger,1995,119865
Nissan,NV1500,2012,239670
Audi,Q5,2009,418958
BMW,5 Series,2003,517260
Kia,Rondo,2008,593492
Kia,Spectra,2002,530028
GMC,Sierra 2500,2005,384315
Mazda,MX-6,1991,562924
Dodge,Ram 3500,2007,571025
Toyota,Celica,1983,947922
Kia,Spectra,2007,292829
Suzuki,Verona,2004,288817
GMC,Yukon,1997,812740
Ford,F-Series,1987,45134
Honda,Civic,1989,988075
Subaru,Impreza,2007,758894
Mazda,Protege,1999,669482
Chevrolet,Silverado 1500,2007,883158
Suzuki,Swift,1991,89983
Chevrolet,Aveo,2005,743716
Volkswagen,Golf,1994,463937
Dodge,Dakota,2004,736661
Mitsubishi,Pajero,1996,653655
Saturn,L-Series,2003,982566
Infiniti,Q,1994,76734
Mercury,Sable,1992,670802
Buick,Coachbuilder,1992,176710
Honda,Odyssey,1998,989607
GMC,Sierra 1500,2013,653668
Mazda,MX-5,2007,674072
Nissan,Sentra,1991,539692
GMC,Safari,1998,574466
Oldsmobile,Achieva,1992,948847
Chevrolet,TrailBlazer,2009,591726
Austin,Mini,1959,162453
Mercury,Montego,2006,713857
Mercury,Villager,1997,467663
Chevrolet,Suburban 2500,2000,223218
Dodge,Caravan,2004,336442
Mercedes-Benz,SL-Class,2005,347044
Ford,Contour,1997,705845
Infiniti,I,1997,332727
Buick,Regal,2003,993157
Maybach,57,2008,612497
Chevrolet,Tahoe,2009,514329
Chevrolet,TrailBlazer,2006,863134
Chevrolet,Beretta,1993,870838
Ford,F-Series Super Duty,2009,817337
Chevrolet,3500,1994,143626
Cadillac,Escalade,2011,351699
Ford,Galaxie,1964,933188
Mitsubishi,Diamante,1996,431339
Volkswagen,Fox,1991,367465
GMC,Suburban 1500,1993,37507
Subaru,BRZ,2013,139935
Hyundai,Sonata,2006,551050
Mercedes-Benz,E-Class,1987,741567
MINI,Cooper Clubman,2010,840100
Chevrolet,SSR,2005,859498
Lotus,Elan,1994,920177
GMC,Yukon Denali,2000,661194
Acura,TSX,2006,807694
Dodge,Caravan,2011,650582
Dodge,Ram 2500,2008,614187
Infiniti,EX,2010,608254
Infiniti,Q,2001,29916
Mitsubishi,Pajero,1997,44083
Ford,Explorer,1991,567596
Lincoln,MKT,2011,995884
Nissan,Pathfinder,2000,169573
Bentley,Brooklands,2010,285309
Mercedes-Benz,C-Class,1998,656082
Chevrolet,Blazer,2003,979333
Pontiac,Grand Prix,1974,979691
Porsche,Cayenne,2005,854230
Jeep,Grand Cherokee,1999,437089
Honda,Ridgeline,2010,770600
Volkswagen,Eurovan,1995,392593
Lincoln,Mark VIII,1996,457498
Chrysler,Pacifica,2006,198445
Chevrolet,Blazer,1999,302607
Audi,S4,2006,453160
Mazda,Miata MX-5,2009,149502
Mitsubishi,Mirage,1999,142414
Mazda,Mazda6,2009,844941
Maserati,GranTurismo,2010,818631
Ford,Aerostar,1995,556100
Mercedes-Benz,SLS AMG,2012,263128
Jaguar,XJ,2007,639639
Ford,Econoline E250,1996,782945
Toyota,Avalon,1996,289367
Aston Martin,Rapide,2011,350707
Infiniti,J,1993,13847
Pontiac,LeMans,1993,439968
Porsche,911,1991,306528
Mitsubishi,Chariot,1988,692604
Volkswagen,Quantum,1984,862464
Buick,Coachbuilder,1992,913849
Maybach,57,2008,586532
Nissan,Pathfinder,1998,917090
Infiniti,Q,1997,424247
Mitsubishi,Challenger,2004,369632
Cadillac,Escalade,2002,314423
Volkswagen,Cabriolet,2000,435621
Subaru,Alcyone SVX,1992,42480
Mercury,Monterey,2007,614837
Mitsubishi,Galant,1992,527796
Holden,VS Commodore,1995,362802
Ford,Taurus,2005,714619
Hyundai,Santa Fe,2004,618800
Porsche,944,1986,467903
Ford,Thunderbird,2006,399081
Suzuki,Kizashi,2011,500605
Honda,Element,2007,787403
Mercedes-Benz,W201,1992,260711
Toyota,Tacoma,2009,228077
BMW,X3,2008,858153
Toyota,Land Cruiser,2000,510167
BMW,5 Series,1998,792374
Pontiac,Fiero,1985,623711
Dodge,Viper,1993,779528
Mazda,B-Series,2002,301918
Honda,Civic,1990,103001
Mitsubishi,Starion,1987,114140
GMC,Suburban 2500,1998,447797
Austin,Mini,1963,178244
Chrysler,Imperial,1926,62535
Ford,Aspire,1996,914488
Volkswagen,Eos,2008,71744
Honda,Civic,1980,117751
MINI,Cooper,2002,366639
Subaru,Forester,2005,548090
Ford,Contour,1999,837335
GMC,Yukon,2011,308372
Mitsubishi,Cordia,1985,553033
Hummer,H3,2007,37995
Oldsmobile,Silhouette,1996,957966
Scion,xB,2009,218592
BMW,X6 M,2010,505277
Mazda,Millenia,1996,955153
Honda,Element,2010,152403
Mercedes-Benz,CLK-Class,2004,153776
Chevrolet,Silverado 2500,2004,864435
Mitsubishi,Starion,1989,381401
GMC,Savana 3500,2002,812123
Nissan,Altima,2001,865201
Dodge,Avenger,2010,325870
Subaru,Outback,2003,779071
Nissan,Altima,2012,48177
Ford,Escort,1984,846527
Subaru,Outback,2004,404482
Chevrolet,Monte Carlo,1996,788824
Infiniti,M,2004,813671
Pontiac,G6,2010,405975
Lexus,LS,2012,499854
Chevrolet,Suburban,2010,314178
Oldsmobile,98,1992,239400
Lincoln,Continental,1992,488117
Subaru,Impreza,2008,389014
BMW,8 Series,1996,275038
Nissan,300ZX,1994,42344
Mercedes-Benz,SL-Class,1998,615698
GMC,Savana 2500,1996,200491
Toyota,Tacoma Xtra,2003,478662
Mazda,B-Series,1993,766745
Cadillac,DTS,2009,161509
Mitsubishi,3000GT,1993,437466
Buick,LaCrosse,2009,872245
Mazda,Navajo,1991,774440
Plymouth,Neon,2001,604808
Lexus,RX,2008,778797
Ford,Probe,1990,588304
Nissan,Xterra,2002,558583
Nissan,Murano,2012,483475
Volkswagen,Eos,2010,737185
GMC,Yukon XL,2006,430590
Volkswagen,Jetta,1999,286834
Ford,Explorer Sport,2003,477690
Chevrolet,Suburban,2011,419075
Plymouth,Laser,1991,588863
Mazda,Mazdaspeed 3,2010,888593
Lincoln,Mark VIII,1993,18966
Dodge,Caliber,2011,999718
Cadillac,Escalade EXT,2007,529426
Honda,Accord,1992,946393
Mercedes-Benz,300E,1992,374281
Chrysler,200,2011,689146
Chevrolet,Avalanche 1500,2004,627014
BMW,745,2002,552322
Chevrolet,Silverado 2500,2003,825830
Jaguar,XJ Series,2001,923175
Kia,Rondo,2010,763234
Pontiac,Firebird,1998,736298
Land Rover,Range Rover,1989,604565
BMW,745,2002,516174
Chevrolet,Venture,2005,112174
Chevrolet,Corvette,1965,618888
Volkswagen,rio,2001,623053
Buick,LaCrosse,2011,904707
Chrysler,Fifth Ave,1992,658676
Dodge,Ram 2500 Club,1997,738170
Ram,1500,2012,767035
Dodge,Viper RT/10,1994,385802
Nissan,Sentra,2004,73846
Volkswagen,New Beetle,2001,780700
Chevrolet,Impala,2010,253956
Pontiac,Bonneville,1988,937455
Isuzu,Ascender,2006,719037
Hyundai,Tucson,2005,279542
Dodge,Avenger,2000,673540
Mercedes-Benz,W201,1985,120129
Oldsmobile,Cutlass Cruiser,1994,594193
Buick,Century,1984,103702
Land Rover,Range Rover,1998,986109
Porsche,944,1987,893513
Pontiac,Firebird,1985,42515
Scion,tC,2013,14423
Land Rover,LR2,2008,720410
Mitsubishi,Endeavor,2004,333833
BMW,M3,1998,200549
Dodge,Ram Van B350,1994,867746
Chevrolet,Astro,1996,523205
Chevrolet,Astro,1997,806223
Toyota,Previa,1993,852060
Hyundai,Sonata,2001,954738
Chevrolet,Sportvan G10,1993,384057
Audi,S8,2001,395183
Toyota,Xtra,1995,889372
Saturn,S-Series,1994,695887
Volkswagen,Touareg,2003,52823
GMC,1500,1996,13234
Mercury,Milan,2006,477644
Lamborghini,Countach,1987,47909
Ford,Flex,2012,442920
Mazda,MX-3,1996,65527
Kia,Rio,2004,848210
Oldsmobile,Silhouette,2003,511539
Mitsubishi,Tredia,1987,81485
Ford,Tempo,1989,246090
Spyker,C8 Spyder,2004,251544
Mitsubishi,Diamante,2001,285528
Audi,4000,1987,791652
Volvo,C70,2010,841993
Mitsubishi,Challenger,1999,348166
Pontiac,Sunbird,1984,694356
Chevrolet,S10,1992,718953
BMW,M5,1992,242212
Subaru,Outback,2011,872591
Ford,Mustang,2006,486725
Ford,Taurus X,2009,876333
Chevrolet,Lumina,1995,292139
Toyota,Tacoma,1999,370710
Mercedes-Benz,E-Class,2011,750323
Dodge,Ram 3500,2001,147858
Mazda,Millenia,1997,635368
Mercedes-Benz,Sprinter,2010,194178
Hyundai,Entourage,2007,68548
Saab,9-5,2004,373043
Porsche,911,1991,374801
Chevrolet,Caprice,1977,431784
Chevrolet,Silverado 3500,2005,205735
Suzuki,SJ,1990,432217
GMC,Savana 1500,2004,613784
Toyota,Tacoma,2010,228483
Audi,Coupe Quattro,1991,249994
Chevrolet,G-Series G10,1993,416934
Nissan,Xterra,2012,506495
Infiniti,I,1997,159566
GMC,Vandura G2500,1995,542585
Toyota,RAV4,2003,991124
Ford,Taurus,2008,261394
Volkswagen,Jetta III,1994,91655
Honda,Odyssey,2009,246799
Volvo,C70,1998,979521
Bentley,Arnage,2005,147721
Volkswagen,Jetta,1993,576536
Audi,A4,1996,458474
Ford,Torino,1970,648868
Kia,Sportage,1997,286891
Honda,Ridgeline,2006,83382
Lincoln,Town Car,1990,580804
Ford,Ranger,1987,140045
Aston Martin,DB9,2005,545012
Infiniti,J,1996,422417
Bugatti,Veyron,2011,177819
Honda,Odyssey,2005,755710
Chrysler,200,2012,717960
Chevrolet,1500,1999,443314
Toyota,T100,1998,95233
Oldsmobile,Alero,2000,535002
Ford,F350,1992,354568
Hummer,H2,2005,340788
Ford,Escape,2006,110808
Jeep,Wrangler,1993,639592
Nissan,Titan,2006,593937
Maserati,Spyder,1991,379636
Toyota,Celica,1992,378423
Dodge,Dakota Club,1992,113202
Ford,Econoline E250,1995,33523
Chrysler,300,2007,615959
Mercedes-Benz,G-Class,2010,13920
Acura,TL,2012,192772
Acura,Vigor,1994,277300
Pontiac,Bonneville,1988,858178
Audi,A6,2005,568205
Mazda,RX-7,1991,210901
Land Rover,Range Rover,1994,862014
Volkswagen,Golf,1991,424898
GMC,Sierra 3500,2008,52222
Lexus,LS,2007,203348
Mazda,Miata MX-5,2001,381708
Infiniti,EX,2012,873322
Mitsubishi,Cordia,1988,593810
BMW,5 Series,1997,648990
Toyota,Land Cruiser,2007,193358
Ford,E350,2007,44778
GMC,Yukon,2009,449342
Volkswagen,Phaeton,2005,324624
Mercury,Sable,1998,119297
Mercedes-Benz,Sprinter,2011,163107
Nissan,Versa,2012,318511
Toyota,Highlander,2003,417923
Pontiac,LeMans,1966,80451
BMW,530,2003,662093
BMW,Z4,2012,291572
Acura,NSX,1995,376462
Mitsubishi,Chariot,1992,568909
Dodge,Ram Van 2500,2001,506268
Ford,Econoline E350,1999,404144
Mercedes-Benz,400E,1993,887275
Toyota,Xtra,1995,896075
Mercedes-Benz,CLK-Class,2003,196817
Chevrolet,Aveo,2010,111178
Chevrolet,Express 1500,1999,406924
Chevrolet,Silverado 3500,2004,486154
Pontiac,Firebird Formula,1992,248873
Hyundai,Scoupe,1993,779072
Ferrari,612 Scaglietti,2010,294542
Chevrolet,Suburban 1500,2007,510562
Dodge,Ram Van 3500,2003,832756
Maserati,GranSport,2005,746499
Audi,S6,2002,226984
Aston Martin,DB9,2010,821220
Cadillac,Escalade,1999,377285
Nissan,300ZX,1994,145834
Ford,E-Series,2012,622947
Mitsubishi,L300,1988,670486
Hummer,H1,2003,653194
Land Rover,Discovery,2010,168429
Mercedes-Benz,S-Class,1999,169640
Ram,C/V,2012,564618
Audi,riolet,1998,935860
MINI,MINI,2002,391634
Ford,Explorer,1993,640457
Hummer,H1,2001,832479
Mercedes-Benz,Sprinter,2011,674599
Mazda,MX-5,1993,230038
Lincoln,Town Car,1987,90139
Lexus,GS,2002,557073
Nissan,Maxima,1993,13242
Mitsubishi,Tundra,2009,689415
Toyota,MR2,1994,160994
Chrysler,Crossfire,2007,935632
Isuzu,Stylus,1992,291488
Jaguar,XJ Series,2002,767538
Mercedes-Benz,R-Class,2011,840314
Volkswagen,Rabbit,2008,270304
Mercedes-Benz,R-Class,2008,134358
Mercedes-Benz,M-Class,2012,613282
GMC,Jimmy,1997,44475
BMW,7 Series,2009,964020
Pontiac,Grand Prix,1985,748818
Dodge,Intrepid,1997,410729
Oldsmobile,Achieva,1993,357795
Pontiac,Grand Am,1989,421759
Acura,RL,2003,411111
GMC,Sonoma,1993,38922
Plymouth,Voyager,1998,143898
Acura,MDX,2004,834294
Saturn,S-Series,1995,332840
Lotus,Esprit,1994,549287
Oldsmobile,Achieva,1992,869614
BMW,X6,2010,367390
Subaru,Leone,1986,362214
Ford,Crown Victoria,2011,330362
Hyundai,Accent,2013,222141
Chevrolet,Corvette,1994,959634
Dodge,Intrepid,1994,854626
Jeep,Wrangler,2000,144711
Toyota,Solara,2005,785400
GMC,Savana 2500,1998,221328
GMC,Yukon,2000,805487
Ford,Bronco,1986,493346
Chevrolet,Sportvan G30,1992,562229
Cadillac,SRX,2004,126675
Chrysler,LHS,2000,758705
Pontiac,GTO,1965,83824
Mazda,Navajo,1991,721421
Subaru,Legacy,1998,151561
Nissan,Sentra,2008,533413
Porsche,Boxster,2007,821908
Ford,Fusion,2008,833977
Honda,Civic,1994,192072
Mercedes-Benz,SLK-Class,1998,499431
GMC,2500 Club Coupe,1997,260920
Infiniti,G,2001,584314
Cadillac,DeVille,2001,140375
Isuzu,Amigo,2000,777786
Mercedes-Benz,SL-Class,2003,308756
GMC,Terrain,2012,908967
Acura,TL,2009,597640
Ford,E-Series,1990,729277
Acura,Integra,1996,216531
Mitsubishi,Montero,1994,866540
Dodge,Stealth,1993,156206
Ford,Fusion,2012,532804
Jaguar,X-Type,2007,895281
Toyota,Land Cruiser,2000,45661
Bentley,Continental GTC,2011,425420
Volkswagen,New Beetle,2010,440699
Kia,Rondo,2010,204977
Ford,Explorer,2013,358950
Bentley,Continental GT,2009,232368
Jeep,Grand Cherokee,1999,644036
Ford,F350,2003,33618
Lexus,RX,2003,184165
Acura,RSX,2006,32224
Volvo,V70,1998,458031
Cadillac,XLR-V,2006,493944
Honda,Pilot,2011,906127
Buick,Century,1985,117701
Jaguar,XF,2010,423648
Porsche,944,1985,331056
Dodge,Colt,1989,682588
Chevrolet,Monte Carlo,2000,576542
Oldsmobile,Achieva,1992,113120
Mazda,MX-6,1996,658946
Acura,NSX,2000,834685
Volkswagen,Passat,2002,794285
Mitsubishi,Lancer,2006,938713
Bentley,Continental Super,2012,299041
Infiniti,J,1993,272974
Ford,Courier,1989,918503
Land Rover,Freelander,2008,894231
Lincoln,Continental,1993,597880
Ford,Mustang,2003,457021
Ford,F250,2002,829609
Chevrolet,Tahoe,2002,125915
Mazda,B-Series,1994,280961
Volkswagen,Cabriolet,2001,994958
Pontiac,Grand Prix,2008,694484
GMC,Savana,2010,63282
Mercedes-Benz,C-Class,2003,130570
Nissan,Armada,2010,44540
Audi,S4,2001,122699
Mitsubishi,Challenger,2003,665421
Mercury,Capri,1986,794719
Volvo,S60,2007,457524
Mazda,Protege,1997,983266
Jaguar,XJ,2008,539903
Lincoln,Town Car,1989,926966
Lincoln,MKS,2012,673114
Volkswagen,Golf,1992,614431
Ford,Aerostar,1991,533456
Suzuki,X-90,1997,562242
Chevrolet,Cavalier,2005,425674
Nissan,Altima,2007,30489
Plymouth,Colt,1993,934971
Dodge,Ram 3500,2002,30694
Volkswagen,Cabriolet,1998,819097
Lexus,LS,1992,983773
Volkswagen,Cabriolet,1995,197573
Chevrolet,Express 3500,2008,906117
Mazda,Millenia,1999,585123
Land Rover,Range Rover,1992,747342
Volkswagen,Cabriolet,1998,417017
Ford,F-Series,1993,407496
Chevrolet,Express 3500,2012,566479
Ford,Expedition,2000,518926
Morgan,Aero 8,2006,481043
Land Rover,Range Rover Evoque,2012,407921
Mercedes-Benz,300D,1993,263530
Tesla,Model S,2012,101790
Dodge,Dakota Club,1994,344439
Audi,A6,1995,21781
Volkswagen,Fox,1990,412918
Honda,Fit,2009,959284
Pontiac,Grand Prix,1988,460882
Saab,9000,1988,562291
Ford,Five Hundred,2007,805371
Mercedes-Benz,M-Class,2005,745871
Lexus,SC,2006,378214
Cadillac,Eldorado,1996,664455
Lincoln,Navigator,2000,530537
Ford,Fusion,2007,536498
Subaru,Impreza,2010,802907
Toyota,Avalon,1997,767775
Lamborghini,Murciélago,2005,553092
Chevrolet,Suburban 1500,2005,918783
BMW,X5 M,2013,310787
Mercedes-Benz,SL-Class,1991,150805
Volvo,C70,2003,758371
GMC,Savana,2008,655813
Dodge,Ram Van B350,1994,493994
Fairthorpe,Rockette,1960,419877
BMW,5 Series,1998,687696
Dodge,Ram,1994,304365
Ford,Expedition,2012,923269
Mazda,CX-7,2011,740650
Ford,Crown Victoria,2002,932985
Toyota,Venza,2010,429032
Lexus,LX,2001,673301
Infiniti,I,2004,997682
Chevrolet,Sportvan G30,1993,777965
Ford,Mustang,1990,843336
Pontiac,Gemini,1988,802963
Volkswagen,Jetta,2000,549398
Ford,Thunderbird,1984,570531
Ford,Mustang,1974,865783
Nissan,Rogue,2011,537275
BMW,3 Series,2001,387670
